Model,Curve,X,Y
Logistic Regression,ROC,0.0,0.0
Logistic Regression,ROC,0.002165928995197288,0.0028735632183908046
Logistic Regression,ROC,0.0026367831245880024,0.005747126436781609
Logistic Regression,ROC,0.0032959789057350032,0.008620689655172414
Logistic Regression,ROC,0.003955174686882004,0.014367816091954023
Logistic Regression,ROC,0.005179395423297863,0.017241379310344827
Logistic Regression,ROC,0.006215274507957435,0.020114942528735632
Logistic Regression,ROC,0.009511253413692439,0.022988505747126436
Logistic Regression,ROC,0.010452961672473868,0.02586206896551724
Logistic Regression,ROC,0.011677182408889725,0.028735632183908046
Logistic Regression,ROC,0.012242207364158583,0.034482758620689655
Logistic Regression,ROC,0.01243054901591487,0.03735632183908046
Logistic Regression,ROC,0.013466428100574442,0.040229885057471264
Logistic Regression,ROC,0.013560598926452585,0.04310344827586207
Logistic Regression,ROC,0.01760994443921273,0.04597701149425287
Logistic Regression,ROC,0.020246727563800734,0.04885057471264368
Logistic Regression,ROC,0.021565119126094736,0.05172413793103448
Logistic Regression,ROC,0.02486109803182974,0.05747126436781609
Logistic Regression,ROC,0.02815707693756474,0.0603448275862069
Logistic Regression,ROC,0.029287126848102456,0.06321839080459771
Logistic Regression,ROC,0.03088803088803089,0.06609195402298851
Logistic Regression,ROC,0.03126471419154346,0.06896551724137931
Logistic Regression,ROC,0.032112251624446746,0.07183908045977011
Logistic Regression,ROC,0.032394764102081176,0.07471264367816093
Logistic Regression,ROC,0.03766833035125718,0.08045977011494253
Logistic Regression,ROC,0.037762501177135324,0.08333333333333333
Logistic Regression,ROC,0.039457576042941894,0.08620689655172414
Logistic Regression,ROC,0.04228270081928619,0.08908045977011494
Logistic Regression,ROC,0.04265938412279876,0.09482758620689655
Logistic Regression,ROC,0.04717958376494962,0.09770114942528736
Logistic Regression,ROC,0.05038139184480648,0.11206896551724138
Logistic Regression,ROC,0.05264149166588191,0.11494252873563218
Logistic Regression,ROC,0.05358319992466334,0.11781609195402298
Logistic Regression,ROC,0.05490159148695734,0.1206896551724138
Logistic Regression,ROC,0.05621998304925134,0.1235632183908046
Logistic Regression,ROC,0.05772671626330163,0.12931034482758622
Logistic Regression,ROC,0.06017515773613335,0.13218390804597702
Logistic Regression,ROC,0.061116865994914775,0.13793103448275862
Logistic Regression,ROC,0.06563706563706563,0.14080459770114942
Logistic Regression,ROC,0.06591957811470006,0.14367816091954022
Logistic Regression,ROC,0.06874470289104435,0.14655172413793102
Logistic Regression,ROC,0.07025143610509464,0.15229885057471265
Logistic Regression,ROC,0.07072229023448535,0.15517241379310345
Logistic Regression,ROC,0.07185234014502308,0.15804597701149425
Logistic Regression,ROC,0.07467746492136736,0.16379310344827586
Logistic Regression,ROC,0.07524248987663622,0.16666666666666666
Logistic Regression,ROC,0.07637253978717394,0.16954022988505746
Logistic Regression,ROC,0.08371786420566908,0.1724137931034483
Logistic Regression,ROC,0.08541293907147565,0.1752873563218391
Logistic Regression,ROC,0.08588379320086637,0.1781609195402299
Logistic Regression,ROC,0.0888030888030888,0.1839080459770115
Logistic Regression,ROC,0.0975609756097561,0.1867816091954023
Logistic Regression,ROC,0.10029192956022225,0.1896551724137931
Logistic Regression,ROC,0.10142197947075995,0.1925287356321839
Logistic Regression,ROC,0.11761936152180055,0.19540229885057472
Logistic Regression,ROC,0.11912609473585083,0.19827586206896552
Logistic Regression,ROC,0.1195027780393634,0.20114942528735633
Logistic Regression,ROC,0.12138619455692626,0.20689655172413793
Logistic Regression,ROC,0.12204539033807327,0.20977011494252873
Logistic Regression,ROC,0.12364629437800169,0.21264367816091953
Logistic Regression,ROC,0.131744985403522,0.21551724137931033
Logistic Regression,ROC,0.13475845183162255,0.21839080459770116
Logistic Regression,ROC,0.142292117901874,0.22126436781609196
Logistic Regression,ROC,0.142951313683021,0.22701149425287356
Logistic Regression,ROC,0.14370468029004616,0.23275862068965517
Logistic Regression,ROC,0.14681231754402485,0.23563218390804597
Logistic Regression,ROC,0.14822487993219702,0.23850574712643677
Logistic Regression,ROC,0.15142668801205386,0.2413793103448276
Logistic Regression,ROC,0.151520858837932,0.2442528735632184
Logistic Regression,ROC,0.15218005461907902,0.2471264367816092
Logistic Regression,ROC,0.15773613334588946,0.25287356321839083
Logistic Regression,ROC,0.15792447499764573,0.2557471264367816
Logistic Regression,ROC,0.1589603540823053,0.25862068965517243
Logistic Regression,ROC,0.15980789151520858,0.2614942528735632
Logistic Regression,ROC,0.1644222619832376,0.26436781609195403
Logistic Regression,ROC,0.16461060363499389,0.2672413793103448
Logistic Regression,ROC,0.1657406535455316,0.27011494252873564
Logistic Regression,ROC,0.16847160749599774,0.27586206896551724
Logistic Regression,ROC,0.17063753649119504,0.27873563218390807
Logistic Regression,ROC,0.1708258781429513,0.28160919540229884
Logistic Regression,ROC,0.17346266126753931,0.28448275862068967
Logistic Regression,ROC,0.18382145211413503,0.28735632183908044
Logistic Regression,ROC,0.18787079762689518,0.29022988505747127
Logistic Regression,ROC,0.18937753084094547,0.29310344827586204
Logistic Regression,ROC,0.1911667765326302,0.2988505747126437
Logistic Regression,ROC,0.19483943874187776,0.3017241379310345
Logistic Regression,ROC,0.19578114700065918,0.3045977011494253
Logistic Regression,ROC,0.19813541764761278,0.3074712643678161
Logistic Regression,ROC,0.19851210095112534,0.3103448275862069
Logistic Regression,ROC,0.2003955174686882,0.3132183908045977
Logistic Regression,ROC,0.2005838591204445,0.31896551724137934
Logistic Regression,ROC,0.20199642150861663,0.3218390804597701
Logistic Regression,ROC,0.20312647141915435,0.32471264367816094
Logistic Regression,ROC,0.20755250023542707,0.3275862068965517
Logistic Regression,ROC,0.21970053677370752,0.33045977011494254
Logistic Regression,ROC,0.21979470759958564,0.3333333333333333
Logistic Regression,ROC,0.22064224503248894,0.33620689655172414
Logistic Regression,ROC,0.22403239476410208,0.34195402298850575
Logistic Regression,ROC,0.22572746962990867,0.3448275862068966
Logistic Regression,ROC,0.2378755061681891,0.34770114942528735
Logistic Regression,ROC,0.2391938977304831,0.3505747126436782
Logistic Regression,ROC,0.24333741406912138,0.35344827586206895
Logistic Regression,ROC,0.24390243902439024,0.3563218390804598
Logistic Regression,ROC,0.24484414728317166,0.3620689655172414
Logistic Regression,ROC,0.2490818344476881,0.3649425287356322
Logistic Regression,ROC,0.2609473585083341,0.367816091954023
Logistic Regression,ROC,0.2611357001600904,0.3706896551724138
Logistic Regression,ROC,0.270081928618514,0.3735632183908046
Logistic Regression,ROC,0.2704586119220266,0.3764367816091954
Logistic Regression,ROC,0.27215368678783314,0.3793103448275862
Logistic Regression,ROC,0.2751671532159337,0.3850574712643678
Logistic Regression,ROC,0.27705056973349657,0.3879310344827586
Logistic Regression,ROC,0.27770976551464355,0.39080459770114945
Logistic Regression,ROC,0.29032865618231474,0.3936781609195402
Logistic Regression,ROC,0.2907053394858273,0.3936781609195402
Logistic Regression,ROC,0.29108202278933987,0.39655172413793105
Logistic Regression,ROC,0.29390714756568415,0.3994252873563218
Logistic Regression,ROC,0.29983990959600715,0.4051724137931034
Logistic Regression,ROC,0.3014408136359356,0.40804597701149425
Logistic Regression,ROC,0.3040775967605236,0.4109195402298851
Logistic Regression,ROC,0.3170731707317073,0.41379310344827586
Logistic Regression,ROC,0.319521612204539,0.4166666666666667
Logistic Regression,ROC,0.32357095771729916,0.41954022988505746
Logistic Regression,ROC,0.33204633204633205,0.42528735632183906
Logistic Regression,ROC,0.33618984838497035,0.4281609195402299
Logistic Regression,ROC,0.3426876353705622,0.43103448275862066
Logistic Regression,ROC,0.34673698088332233,0.4339080459770115
Logistic Regression,ROC,0.3492795931820322,0.4339080459770115
Logistic Regression,ROC,0.3514455221772295,0.4367816091954023
Logistic Regression,ROC,0.35549486768998967,0.4396551724137931
Logistic Regression,ROC,0.3598267256803842,0.4454022988505747
Logistic Regression,ROC,0.3602034089838968,0.4482758620689655
Logistic Regression,ROC,0.36076843393916563,0.4511494252873563
Logistic Regression,ROC,0.3652886335813165,0.4540229885057471
Logistic Regression,ROC,0.36641868349185425,0.45689655172413796
Logistic Regression,ROC,0.36651285431773234,0.45977011494252873
Logistic Regression,ROC,0.3732931537809587,0.46264367816091956
Logistic Regression,ROC,0.37790752424898766,0.46839080459770116
Logistic Regression,ROC,0.3781900367266221,0.47126436781609193
Logistic Regression,ROC,0.37894340333364723,0.47413793103448276
Logistic Regression,ROC,0.3806384781994538,0.47701149425287354
Logistic Regression,ROC,0.3812035031547227,0.47988505747126436
Logistic Regression,ROC,0.3812976739806008,0.4827586206896552
Logistic Regression,ROC,0.3859120444486298,0.4885057471264368
Logistic Regression,ROC,0.391279781523684,0.49137931034482757
Logistic Regression,ROC,0.3925040022600998,0.4942528735632184
Logistic Regression,ROC,0.3943874187776627,0.49712643678160917
Logistic Regression,ROC,0.3974008852057633,0.5
Logistic Regression,ROC,0.40634711366418685,0.5028735632183908
Logistic Regression,ROC,0.406441284490065,0.5057471264367817
Logistic Regression,ROC,0.4112439966098503,0.514367816091954
Logistic Regression,ROC,0.4121857048686317,0.5172413793103449
Logistic Regression,ROC,0.41388077973443826,0.5201149425287356
Logistic Regression,ROC,0.4312082116960166,0.5229885057471264
Logistic Regression,ROC,0.4375176570298521,0.5287356321839081
Logistic Regression,ROC,0.44062529428383085,0.5316091954022989
Logistic Regression,ROC,0.44194368584612487,0.5344827586206896
Logistic Regression,ROC,0.4503248893492796,0.5373563218390804
Logistic Regression,ROC,0.45145493925981733,0.5402298850574713
Logistic Regression,ROC,0.4529616724738676,0.5431034482758621
Logistic Regression,ROC,0.45616348055372447,0.5431034482758621
Logistic Regression,ROC,0.46030699689236276,0.5459770114942529
Logistic Regression,ROC,0.46049533854411906,0.5488505747126436
Logistic Regression,ROC,0.46134287597702234,0.5545977011494253
Logistic Regression,ROC,0.4614370468029005,0.5574712643678161
Logistic Regression,ROC,0.4684998587437612,0.5603448275862069
Logistic Regression,ROC,0.46925322535078634,0.5632183908045977
Logistic Regression,ROC,0.47895282041623505,0.5660919540229885
Logistic Regression,ROC,0.47961201619738203,0.5689655172413793
Logistic Regression,ROC,0.48271965345136075,0.5718390804597702
Logistic Regression,ROC,0.48347302005838594,0.5775862068965517
Logistic Regression,ROC,0.48526226575007064,0.5775862068965517
Logistic Regression,ROC,0.4932667859497128,0.5804597701149425
Logistic Regression,ROC,0.50456728505509,0.5833333333333334
Logistic Regression,ROC,0.5134193426876353,0.5862068965517241
Logistic Regression,ROC,0.5149260759016857,0.5890804597701149
Logistic Regression,ROC,0.5158677841604671,0.5890804597701149
Logistic Regression,ROC,0.5259440625294284,0.5948275862068966
Logistic Regression,ROC,0.5315001412562388,0.5977011494252874
Logistic Regression,ROC,0.5326301911667766,0.6005747126436781
Logistic Regression,ROC,0.5482625482625483,0.603448275862069
Logistic Regression,ROC,0.55071098973538,0.603448275862069
Logistic Regression,ROC,0.5530652603823335,0.6063218390804598
Logistic Regression,ROC,0.5544778227705057,0.6120689655172413
Logistic Regression,ROC,0.55730294754685,0.6149425287356322
Logistic Regression,ROC,0.5598455598455598,0.617816091954023
Logistic Regression,ROC,0.5626706846219042,0.6206896551724138
Logistic Regression,ROC,0.5695451549110085,0.6235632183908046
Logistic Regression,ROC,0.5696393257368867,0.6264367816091954
Logistic Regression,ROC,0.5707693756474245,0.6293103448275862
Logistic Regression,ROC,0.5766079668518693,0.6350574712643678
Logistic Regression,ROC,0.5798097749317261,0.6379310344827587
Logistic Regression,ROC,0.5844241453997552,0.6408045977011494
Logistic Regression,ROC,0.5868725868725869,0.6436781609195402
Logistic Regression,ROC,0.5887560033901498,0.646551724137931
Logistic Regression,ROC,0.5893210283454186,0.6522988505747126
Logistic Regression,ROC,0.5912044448629814,0.6551724137931034
Logistic Regression,ROC,0.5933703738581787,0.6609195402298851
Logistic Regression,ROC,0.5995856483661361,0.6637931034482759
Logistic Regression,ROC,0.6017515773613334,0.6666666666666666
Logistic Regression,ROC,0.6126753931631981,0.6695402298850575
Logistic Regression,ROC,0.615971372068933,0.6724137931034483
Logistic Regression,ROC,0.6204915717110839,0.6752873563218391
Logistic Regression,ROC,0.6210565966663527,0.6810344827586207
Logistic Regression,ROC,0.6255767963085036,0.6839080459770115
Logistic Regression,ROC,0.635747245503343,0.6867816091954023
Logistic Regression,ROC,0.6445051323100104,0.6896551724137931
Logistic Regression,ROC,0.6460118655240606,0.6925287356321839
Logistic Regression,ROC,0.6469535737828421,0.6954022988505747
Logistic Regression,ROC,0.6484603069968924,0.6982758620689655
Logistic Regression,ROC,0.6487428194745268,0.7040229885057471
Logistic Regression,ROC,0.6594782936246351,0.7068965517241379
Logistic Regression,ROC,0.6658819097843488,0.7097701149425287
Logistic Regression,ROC,0.6736980883322347,0.7126436781609196
Logistic Regression,ROC,0.6793483378849232,0.7155172413793104
Logistic Regression,ROC,0.679819192014314,0.7183908045977011
Logistic Regression,ROC,0.6801958753178265,0.7241379310344828
Logistic Regression,ROC,0.682455975138902,0.7270114942528736
Logistic Regression,ROC,0.6829268292682927,0.7298850574712644
Logistic Regression,ROC,0.6876353705621998,0.7327586206896551
Logistic Regression,ROC,0.6938506450701573,0.735632183908046
Logistic Regression,ROC,0.6952632074583294,0.7385057471264368
Logistic Regression,ROC,0.7051511441755344,0.7413793103448276
Logistic Regression,ROC,0.705527827479047,0.7471264367816092
Logistic Regression,ROC,0.7091063188624164,0.75
Logistic Regression,ROC,0.7132498352010547,0.7528735632183908
Logistic Regression,ROC,0.7203126471419155,0.7557471264367817
Logistic Regression,ROC,0.7204068179677936,0.7586206896551724
Logistic Regression,ROC,0.7238911385252849,0.764367816091954
Logistic Regression,ROC,0.7273754590827761,0.7672413793103449
Logistic Regression,ROC,0.7282229965156795,0.7729885057471264
Logistic Regression,ROC,0.7291647047744608,0.7758620689655172
Logistic Regression,ROC,0.730577267162633,0.7787356321839081
Logistic Regression,ROC,0.745738770129014,0.7816091954022989
Logistic Regression,ROC,0.7466804783877955,0.7844827586206896
Logistic Regression,ROC,0.7467746492136736,0.7873563218390804
Logistic Regression,ROC,0.7576984650155382,0.7931034482758621
Logistic Regression,ROC,0.7580751483190508,0.7959770114942529
Logistic Regression,ROC,0.7619361521800546,0.7988505747126436
Logistic Regression,ROC,0.7636312270458612,0.8017241379310345
Logistic Regression,ROC,0.7680572558621339,0.8045977011494253
Logistic Regression,ROC,0.7711648931161126,0.8074712643678161
Logistic Regression,ROC,0.7718240888972596,0.8103448275862069
Logistic Regression,ROC,0.7720124305490159,0.8160919540229885
Logistic Regression,ROC,0.773424992937188,0.8189655172413793
Logistic Regression,ROC,0.7821828797438554,0.8218390804597702
Logistic Regression,ROC,0.7881156417741784,0.8247126436781609
Logistic Regression,ROC,0.790469912421132,0.8275862068965517
Logistic Regression,ROC,0.7936717205009888,0.8304597701149425
Logistic Regression,ROC,0.7948017704115266,0.8333333333333334
Logistic Regression,ROC,0.8045955363028534,0.8390804597701149
Logistic Regression,ROC,0.8077031735568321,0.8419540229885057
Logistic Regression,ROC,0.8078915152085884,0.8448275862068966
Logistic Regression,ROC,0.8189095018363312,0.8477011494252874
Logistic Regression,ROC,0.8265373387324607,0.8505747126436781
Logistic Regression,ROC,0.8345418589321029,0.853448275862069
Logistic Regression,ROC,0.8368961295790565,0.8591954022988506
Logistic Regression,ROC,0.8391562294001318,0.8620689655172413
Logistic Regression,ROC,0.8395329127036444,0.8649425287356322
Logistic Regression,ROC,0.8417930125247198,0.867816091954023
Logistic Regression,ROC,0.8465957246445052,0.8706896551724138
Logistic Regression,ROC,0.8533760241077314,0.8735632183908046
Logistic Regression,ROC,0.8540352198888784,0.8764367816091954
Logistic Regression,ROC,0.8543177323665129,0.882183908045977
Logistic Regression,ROC,0.857707882098126,0.8850574712643678
Logistic Regression,ROC,0.8631697899990582,0.8879310344827587
Logistic Regression,ROC,0.8714568226763348,0.8908045977011494
Logistic Regression,ROC,0.8723043601092382,0.8936781609195402
Logistic Regression,ROC,0.8731518975421414,0.896551724137931
Logistic Regression,ROC,0.8737169224974103,0.8994252873563219
Logistic Regression,ROC,0.8757886806667294,0.9051724137931034
Logistic Regression,ROC,0.8770129014031453,0.9080459770114943
Logistic Regression,ROC,0.8783312929654393,0.9109195402298851
Logistic Regression,ROC,0.8821922968264432,0.9137931034482759
Logistic Regression,ROC,0.8852057632545437,0.9166666666666666
Logistic Regression,ROC,0.8915152085883793,0.9195402298850575
Logistic Regression,ROC,0.897259628966946,0.9252873563218391
Logistic Regression,ROC,0.9030982201713909,0.9281609195402298
Logistic Regression,ROC,0.9080892739429325,0.9310344827586207
Logistic Regression,ROC,0.9165646482719654,0.9339080459770115
Logistic Regression,ROC,0.9212731895658725,0.9367816091954023
Logistic Regression,ROC,0.9259817308597796,0.9396551724137931
Logistic Regression,ROC,0.9261700725115359,0.9425287356321839
Logistic Regression,ROC,0.9264525849891704,0.9482758620689655
Logistic Regression,ROC,0.9300310763725398,0.9511494252873564
Logistic Regression,ROC,0.9324795178453715,0.9540229885057471
Logistic Regression,ROC,0.9395423297862322,0.9568965517241379
Logistic Regression,ROC,0.9434975044731142,0.9597701149425287
Logistic Regression,ROC,0.9480177041152651,0.9626436781609196
Logistic Regression,ROC,0.9503719747622187,0.9655172413793104
Logistic Regression,ROC,0.9512195121951219,0.9712643678160919
Logistic Regression,ROC,0.9523495621056597,0.9741379310344828
Logistic Regression,ROC,0.9732554854506074,0.9770114942528736
Logistic Regression,ROC,0.9772106601374894,0.9798850574712644
Logistic Regression,ROC,0.9885111592428666,0.9827586206896551
Logistic Regression,ROC,0.9899237216310387,0.985632183908046
Logistic Regression,ROC,0.990771259063942,0.9913793103448276
Logistic Regression,ROC,0.9924663339297486,0.9942528735632183
Logistic Regression,ROC,0.9956681420096054,0.9971264367816092
Logistic Regression,ROC,1.0,1.0
Logistic Regression,Gains,0.00911826388255676,0.28735632183908044
Logistic Regression,Gains,0.33737576365460015,0.8620689655172413
Logistic Regression,Gains,0.6747515273092003,2.0114942528735633
Logistic Regression,Gains,1.0121272909638004,2.586206896551724
Logistic Regression,Gains,1.340384790735844,3.7356321839080464
Logistic Regression,Gains,1.677760554390444,4.597701149425287
Logistic Regression,Gains,2.015136318045044,4.885057471264368
Logistic Regression,Gains,2.3433938178170877,5.459770114942529
Logistic Regression,Gains,2.680769581471688,5.747126436781609
Logistic Regression,Gains,3.0181453451262876,6.0344827586206895
Logistic Regression,Gains,3.3464028448983316,7.471264367816093
Logistic Regression,Gains,3.683778608552932,7.758620689655173
Logistic Regression,Gains,4.021154372207532,8.333333333333332
Logistic Regression,Gains,4.349411871979575,8.908045977011495
Logistic Regression,Gains,4.686787635634175,9.770114942528735
Logistic Regression,Gains,5.024163399288775,10.919540229885058
Logistic Regression,Gains,5.352420899060819,11.206896551724139
Logistic Regression,Gains,5.689796662715419,11.781609195402298
Logistic Regression,Gains,6.0271724263700195,13.218390804597702
Logistic Regression,Gains,6.355429926142063,13.793103448275861
Logistic Regression,Gains,6.692805689796663,13.793103448275861
Logistic Regression,Gains,7.030181453451263,14.655172413793101
Logistic Regression,Gains,7.358438953223306,15.804597701149426
Logistic Regression,Gains,7.695814716877907,16.091954022988507
Logistic Regression,Gains,8.033190480532507,16.954022988505745
Logistic Regression,Gains,8.36144798030455,17.24137931034483
Logistic Regression,Gains,8.69882374395915,17.52873563218391
Logistic Regression,Gains,9.03619950761375,18.103448275862068
Logistic Regression,Gains,9.364457007385795,18.39080459770115
Logistic Regression,Gains,9.701832771040394,18.39080459770115
Logistic Regression,Gains,10.039208534694994,18.67816091954023
Logistic Regression,Gains,10.367466034467038,18.96551724137931
Logistic Regression,Gains,10.704841798121638,19.54022988505747
Logistic Regression,Gains,11.042217561776239,19.54022988505747
Logistic Regression,Gains,11.370475061548282,19.54022988505747
Logistic Regression,Gains,11.70785082520288,19.54022988505747
Logistic Regression,Gains,12.045226588857481,19.82758620689655
Logistic Regression,Gains,12.373484088629525,20.402298850574713
Logistic Regression,Gains,12.710859852284125,21.26436781609195
Logistic Regression,Gains,13.048235615938724,21.551724137931032
Logistic Regression,Gains,13.385611379593326,21.551724137931032
Logistic Regression,Gains,13.713868879365368,21.839080459770116
Logistic Regression,Gains,14.05124464301997,22.126436781609197
Logistic Regression,Gains,14.388620406674569,22.126436781609197
Logistic Regression,Gains,14.716877906446612,23.275862068965516
Logistic Regression,Gains,15.054253670101211,23.563218390804597
Logistic Regression,Gains,15.391629433755813,24.137931034482758
Logistic Regression,Gains,15.719886933527857,25.0
Logistic Regression,Gains,16.057262697182455,25.0
Logistic Regression,Gains,16.394638460837058,26.14942528735632
Logistic Regression,Gains,16.7228959606091,26.436781609195403
Logistic Regression,Gains,17.0602717242637,27.298850574712645
Logistic Regression,Gains,17.3976474879183,27.586206896551722
Logistic Regression,Gains,17.725904987690345,28.735632183908045
Logistic Regression,Gains,18.063280751344944,28.735632183908045
Logistic Regression,Gains,18.400656514999543,28.735632183908045
Logistic Regression,Gains,18.72891401477159,29.022988505747126
Logistic Regression,Gains,19.06628977842619,29.022988505747126
Logistic Regression,Gains,19.403665542080788,29.597701149425287
Logistic Regression,Gains,19.73192304185283,29.88505747126437
Logistic Regression,Gains,20.069298805507433,30.747126436781606
Logistic Regression,Gains,20.406674569162032,31.60919540229885
Logistic Regression,Gains,20.734932068934075,32.4712643678161
Logistic Regression,Gains,21.072307832588674,32.4712643678161
Logistic Regression,Gains,21.409683596243276,32.758620689655174
Logistic Regression,Gains,21.737941096015316,32.758620689655174
Logistic Regression,Gains,22.07531685966992,32.758620689655174
Logistic Regression,Gains,22.412692623324517,33.62068965517241
Logistic Regression,Gains,22.740950123096564,33.90804597701149
Logistic Regression,Gains,23.078325886751163,34.48275862068966
Logistic Regression,Gains,23.41570165040576,34.48275862068966
Logistic Regression,Gains,23.74395915017781,34.48275862068966
Logistic Regression,Gains,24.081334913832407,34.48275862068966
Logistic Regression,Gains,24.418710677487006,35.3448275862069
Logistic Regression,Gains,24.74696817725905,35.63218390804598
Logistic Regression,Gains,25.08434394091365,36.206896551724135
Logistic Regression,Gains,25.42171970456825,36.49425287356322
Logistic Regression,Gains,25.75909546822285,36.49425287356322
Logistic Regression,Gains,26.087352967994892,36.49425287356322
Logistic Regression,Gains,26.424728731649495,36.49425287356322
Logistic Regression,Gains,26.762104495304094,37.06896551724138
Logistic Regression,Gains,27.09036199507614,37.35632183908046
Logistic Regression,Gains,27.427737758730736,37.93103448275862
Logistic Regression,Gains,27.765113522385338,38.2183908045977
Logistic Regression,Gains,28.09337102215738,38.793103448275865
Logistic Regression,Gains,28.430746785811984,39.08045977011494
Logistic Regression,Gains,28.76812254946658,39.08045977011494
Logistic Regression,Gains,29.096380049238626,39.08045977011494
Logistic Regression,Gains,29.433755812893224,39.6551724137931
Logistic Regression,Gains,29.771131576547827,40.229885057471265
Logistic Regression,Gains,30.09938907631987,40.229885057471265
Logistic Regression,Gains,30.43676483997447,40.51724137931034
Logistic Regression,Gains,30.774140603629068,41.09195402298851
Logistic Regression,Gains,31.102398103401114,41.09195402298851
Logistic Regression,Gains,31.439773867055713,41.09195402298851
Logistic Regression,Gains,31.777149630710312,41.37931034482759
Logistic Regression,Gains,32.105407130482355,41.66666666666667
Logistic Regression,Gains,32.442782894136954,41.95402298850575
Logistic Regression,Gains,32.78015865779156,42.241379310344826
Logistic Regression,Gains,33.108416157563596,42.241379310344826
Logistic Regression,Gains,33.4457919212182,42.241379310344826
Logistic Regression,Gains,33.7831676848728,42.5287356321839
Logistic Regression,Gains,34.111425184644844,42.81609195402299
Logistic Regression,Gains,34.44880094829944,42.81609195402299
Logistic Regression,Gains,34.78617671195404,43.103448275862064
Logistic Regression,Gains,35.114434211726085,43.39080459770115
Logistic Regression,Gains,35.45180997538069,43.96551724137931
Logistic Regression,Gains,35.78918573903529,43.96551724137931
Logistic Regression,Gains,36.117443238807326,44.252873563218394
Logistic Regression,Gains,36.45481900246193,45.11494252873563
Logistic Regression,Gains,36.79219476611653,45.40229885057471
Logistic Regression,Gains,37.120452265888574,46.264367816091955
Logistic Regression,Gains,37.45782802954318,46.264367816091955
Logistic Regression,Gains,37.79520379319777,46.55172413793103
Logistic Regression,Gains,38.13257955685238,47.12643678160919
Logistic Regression,Gains,38.46083705662442,48.56321839080459
Logistic Regression,Gains,38.79821282027902,48.56321839080459
Logistic Regression,Gains,39.13558858393362,48.85057471264368
Logistic Regression,Gains,39.46384608370566,49.137931034482754
Logistic Regression,Gains,39.80122184736026,49.712643678160916
Logistic Regression,Gains,40.138597611014866,50.287356321839084
Logistic Regression,Gains,40.4668551107869,50.287356321839084
Logistic Regression,Gains,40.80423087444151,50.287356321839084
Logistic Regression,Gains,41.14160663809611,50.86206896551724
Logistic Regression,Gains,41.46986413786815,51.43678160919541
Logistic Regression,Gains,41.80723990152275,52.01149425287356
Logistic Regression,Gains,42.14461566517735,52.01149425287356
Logistic Regression,Gains,42.47287316494939,52.01149425287356
Logistic Regression,Gains,42.810248928604,52.01149425287356
Logistic Regression,Gains,43.147624692258596,52.01149425287356
Logistic Regression,Gains,43.47588219203063,52.87356321839081
Logistic Regression,Gains,43.81325795568524,52.87356321839081
Logistic Regression,Gains,44.15063371933984,53.16091954022989
Logistic Regression,Gains,44.47889121911188,53.44827586206896
Logistic Regression,Gains,44.816266982766486,53.735632183908045
Logistic Regression,Gains,45.15364274642108,53.735632183908045
Logistic Regression,Gains,45.48190024619313,54.02298850574713
Logistic Regression,Gains,45.81927600984773,54.310344827586206
Logistic Regression,Gains,46.156651773502325,54.59770114942529
Logistic Regression,Gains,46.48490927327437,55.74712643678161
Logistic Regression,Gains,46.82228503692897,55.74712643678161
Logistic Regression,Gains,47.159660800583566,56.03448275862068
Logistic Regression,Gains,47.48791830035562,56.32183908045977
Logistic Regression,Gains,47.82529406401021,56.32183908045977
Logistic Regression,Gains,48.162669827664814,56.60919540229885
Logistic Regression,Gains,48.49092732743686,57.18390804597702
Logistic Regression,Gains,48.828303091091456,57.758620689655174
Logistic Regression,Gains,49.16567885474606,57.758620689655174
Logistic Regression,Gains,49.4939363545181,57.758620689655174
Logistic Regression,Gains,49.8313121181727,58.333333333333336
Logistic Regression,Gains,50.1686878818273,58.333333333333336
Logistic Regression,Gains,50.5060636454819,58.333333333333336
Logistic Regression,Gains,50.834321145253945,58.620689655172406
Logistic Regression,Gains,51.17169690890855,58.620689655172406
Logistic Regression,Gains,51.509072672563136,58.620689655172406
Logistic Regression,Gains,51.837330172335186,59.195402298850574
Logistic Regression,Gains,52.174705935989785,59.195402298850574
Logistic Regression,Gains,52.51208169964438,59.195402298850574
Logistic Regression,Gains,52.840339199416434,59.48275862068966
Logistic Regression,Gains,53.17771496307103,59.48275862068966
Logistic Regression,Gains,53.51509072672563,60.05747126436781
Logistic Regression,Gains,53.84334822649768,60.05747126436781
Logistic Regression,Gains,54.18072399015228,60.05747126436781
Logistic Regression,Gains,54.51809975380687,60.3448275862069
Logistic Regression,Gains,54.846357253578915,60.3448275862069
Logistic Regression,Gains,55.183733017233514,60.3448275862069
Logistic Regression,Gains,55.52110878088812,60.91954022988506
Logistic Regression,Gains,55.84936628066016,61.206896551724135
Logistic Regression,Gains,56.18674204431476,61.7816091954023
Logistic Regression,Gains,56.52411780796937,62.06896551724138
Logistic Regression,Gains,56.85237530774141,62.06896551724138
Logistic Regression,Gains,57.18975107139601,62.93103448275862
Logistic Regression,Gains,57.5271268350506,63.2183908045977
Logistic Regression,Gains,57.855384334822645,63.50574712643679
Logistic Regression,Gains,58.19276009847725,63.793103448275865
Logistic Regression,Gains,58.53013586213185,63.793103448275865
Logistic Regression,Gains,58.85839336190389,64.36781609195403
Logistic Regression,Gains,59.19576912555849,65.51724137931035
Logistic Regression,Gains,59.5331448892131,65.80459770114942
Logistic Regression,Gains,59.86140238898514,66.0919540229885
Logistic Regression,Gains,60.19877815263974,66.37931034482759
Logistic Regression,Gains,60.53615391629433,66.66666666666666
Logistic Regression,Gains,60.864411416066375,66.66666666666666
Logistic Regression,Gains,61.20178717972098,66.66666666666666
Logistic Regression,Gains,61.53916294337558,67.24137931034483
Logistic Regression,Gains,61.86742044314762,67.52873563218391
Logistic Regression,Gains,62.20479620680223,67.52873563218391
Logistic Regression,Gains,62.54217197045683,68.10344827586206
Logistic Regression,Gains,62.879547734111426,68.39080459770115
Logistic Regression,Gains,63.20780523388348,68.39080459770115
Logistic Regression,Gains,63.54518099753806,68.39080459770115
Logistic Regression,Gains,63.88255676119267,68.96551724137932
Logistic Regression,Gains,64.21081426096471,68.96551724137932
Logistic Regression,Gains,64.54819002461932,68.96551724137932
Logistic Regression,Gains,64.88556578827391,69.82758620689656
Logistic Regression,Gains,65.21382328804596,70.40229885057471
Logistic Regression,Gains,65.55119905170056,70.40229885057471
Logistic Regression,Gains,65.88857481535516,70.40229885057471
Logistic Regression,Gains,66.21683231512719,70.6896551724138
Logistic Regression,Gains,66.5542080787818,70.6896551724138
Logistic Regression,Gains,66.8915838424364,70.97701149425288
Logistic Regression,Gains,67.21984134220844,71.26436781609196
Logistic Regression,Gains,67.55721710586305,71.55172413793103
Logistic Regression,Gains,67.89459286951765,71.55172413793103
Logistic Regression,Gains,68.22285036928969,72.41379310344827
Logistic Regression,Gains,68.5602261329443,72.98850574712644
Logistic Regression,Gains,68.89760189659889,72.98850574712644
Logistic Regression,Gains,69.22585939637092,73.5632183908046
Logistic Regression,Gains,69.56323516002553,73.85057471264368
Logistic Regression,Gains,69.90061092368013,74.13793103448276
Logistic Regression,Gains,70.22886842345217,74.13793103448276
Logistic Regression,Gains,70.56624418710678,74.13793103448276
Logistic Regression,Gains,70.90361995076138,74.71264367816092
Logistic Regression,Gains,71.23187745053342,75.0
Logistic Regression,Gains,71.56925321418802,75.57471264367817
Logistic Regression,Gains,71.90662897784263,75.57471264367817
Logistic Regression,Gains,72.23488647761465,76.4367816091954
Logistic Regression,Gains,72.57226224126926,76.72413793103449
Logistic Regression,Gains,72.90963800492386,77.01149425287356
Logistic Regression,Gains,73.2378955046959,77.87356321839081
Logistic Regression,Gains,73.5752712683505,78.16091954022988
Logistic Regression,Gains,73.91264703200511,78.16091954022988
Logistic Regression,Gains,74.24090453177715,78.16091954022988
Logistic Regression,Gains,74.57828029543175,78.16091954022988
Logistic Regression,Gains,74.91565605908636,79.02298850574712
Logistic Regression,Gains,75.25303182274095,79.02298850574712
Logistic Regression,Gains,75.58128932251299,79.02298850574712
Logistic Regression,Gains,75.9186650861676,79.3103448275862
Logistic Regression,Gains,76.2560408498222,79.59770114942529
Logistic Regression,Gains,76.58429834959423,80.45977011494253
Logistic Regression,Gains,76.92167411324884,80.45977011494253
Logistic Regression,Gains,77.25904987690345,81.03448275862068
Logistic Regression,Gains,77.58730737667548,81.89655172413794
Logistic Regression,Gains,77.92468314033009,81.89655172413794
Logistic Regression,Gains,78.26205890398468,81.89655172413794
Logistic Regression,Gains,78.59031640375672,82.18390804597702
Logistic Regression,Gains,78.92769216741132,82.47126436781609
Logistic Regression,Gains,79.26506793106593,83.04597701149426
Logistic Regression,Gains,79.59332543083796,83.33333333333334
Logistic Regression,Gains,79.93070119449257,83.62068965517241
Logistic Regression,Gains,80.26807695814718,83.62068965517241
Logistic Regression,Gains,80.59633445791921,83.9080459770115
Logistic Regression,Gains,80.9337102215738,84.48275862068965
Logistic Regression,Gains,81.27108598522841,84.77011494252874
Logistic Regression,Gains,81.59934348500045,84.77011494252874
Logistic Regression,Gains,81.93671924865505,84.77011494252874
Logistic Regression,Gains,82.27409501230966,85.0574712643678
Logistic Regression,Gains,82.6023525120817,85.0574712643678
Logistic Regression,Gains,82.9397282757363,85.34482758620689
Logistic Regression,Gains,83.2771040393909,85.34482758620689
Logistic Regression,Gains,83.60536153916294,85.63218390804597
Logistic Regression,Gains,83.94273730281753,85.91954022988506
Logistic Regression,Gains,84.28011306647214,86.7816091954023
Logistic Regression,Gains,84.60837056624419,87.06896551724138
Logistic Regression,Gains,84.94574632989878,87.35632183908046
Logistic Regression,Gains,85.28312209355339,87.35632183908046
Logistic Regression,Gains,85.61137959332544,88.2183908045977
Logistic Regression,Gains,85.94875535698003,88.50574712643679
Logistic Regression,Gains,86.28613112063464,88.50574712643679
Logistic Regression,Gains,86.61438862040669,88.79310344827587
Logistic Regression,Gains,86.95176438406126,89.08045977011494
Logistic Regression,Gains,87.28914014771587,89.36781609195403
Logistic Regression,Gains,87.62651591137048,90.22988505747126
Logistic Regression,Gains,87.95477341114251,91.0919540229885
Logistic Regression,Gains,88.29214917479712,91.37931034482759
Logistic Regression,Gains,88.62952493845172,91.95402298850574
Logistic Regression,Gains,88.95778243822376,91.95402298850574
Logistic Regression,Gains,89.29515820187837,92.24137931034483
Logistic Regression,Gains,89.63253396553297,92.24137931034483
Logistic Regression,Gains,89.96079146530501,92.52873563218391
Logistic Regression,Gains,90.2981672289596,92.52873563218391
Logistic Regression,Gains,90.6355429926142,92.81609195402298
Logistic Regression,Gains,90.96380049238626,93.10344827586206
Logistic Regression,Gains,91.30117625604085,93.10344827586206
Logistic Regression,Gains,91.63855201969545,93.10344827586206
Logistic Regression,Gains,91.96680951946749,93.39080459770115
Logistic Regression,Gains,92.3041852831221,93.96551724137932
Logistic Regression,Gains,92.6415610467767,93.96551724137932
Logistic Regression,Gains,92.96981854654874,94.82758620689656
Logistic Regression,Gains,93.30719431020333,95.11494252873564
Logistic Regression,Gains,93.64457007385793,95.6896551724138
Logistic Regression,Gains,93.97282757362998,95.6896551724138
Logistic Regression,Gains,94.31020333728458,95.97701149425288
Logistic Regression,Gains,94.64757910093918,96.26436781609196
Logistic Regression,Gains,94.97583660071123,96.55172413793103
Logistic Regression,Gains,95.31321236436582,97.41379310344827
Logistic Regression,Gains,95.65058812802042,97.41379310344827
Logistic Regression,Gains,95.97884562779247,97.41379310344827
Logistic Regression,Gains,96.31622139144707,97.41379310344827
Logistic Regression,Gains,96.65359715510166,97.41379310344827
Logistic Regression,Gains,96.98185465487371,97.41379310344827
Logistic Regression,Gains,97.3192304185283,97.41379310344827
Logistic Regression,Gains,97.65660618218291,97.98850574712644
Logistic Regression,Gains,97.98486368195496,98.27586206896551
Logistic Regression,Gains,98.32223944560955,98.27586206896551
Logistic Regression,Gains,98.65961520926415,98.27586206896551
Logistic Regression,Gains,98.9878727090362,98.85057471264368
Logistic Regression,Gains,99.3252484726908,99.42528735632183
Logistic Regression,Gains,99.6626242363454,99.71264367816092
Logistic Regression,Gains,100.0,100.0
Random Forest,ROC,0.0,0.0
Random Forest,ROC,0.0003766833035125718,0.005747126436781609
Random Forest,ROC,0.005838591204444863,0.011494252873563218
Random Forest,ROC,0.006215274507957435,0.014367816091954023
Random Forest,ROC,0.009511253413692439,0.017241379310344827
Random Forest,ROC,0.009699595065448725,0.022988505747126436
Random Forest,ROC,0.0140314530558433,0.02586206896551724
Random Forest,ROC,0.014408136359355872,0.031609195402298854
Random Forest,ROC,0.01817496939448159,0.040229885057471264
Random Forest,ROC,0.02043506921555702,0.04310344827586207
Random Forest,ROC,0.02147094830021659,0.04885057471264368
Random Forest,ROC,0.024107731424804595,0.05172413793103448
Random Forest,ROC,0.026273660420001885,0.05747126436781609
Random Forest,ROC,0.028533760241077313,0.0603448275862069
Random Forest,ROC,0.03324230153498446,0.06609195402298851
Random Forest,ROC,0.03540823053018175,0.07183908045977011
Random Forest,ROC,0.04021094264996704,0.07471264367816093
Random Forest,ROC,0.04087013843111404,0.08045977011494253
Random Forest,ROC,0.043789434033336475,0.08333333333333333
Random Forest,ROC,0.045672850550899334,0.08908045977011494
Random Forest,ROC,0.05019305019305019,0.09482758620689655
Random Forest,ROC,0.05104058762595348,0.09770114942528736
Random Forest,ROC,0.05169978340710048,0.10344827586206896
Random Forest,ROC,0.05461907900932291,0.10632183908045977
Random Forest,ROC,0.055372445616348055,0.10919540229885058
Random Forest,ROC,0.07835012713061494,0.11206896551724138
Random Forest,ROC,0.07853846878237122,0.11781609195402298
Random Forest,ROC,0.08757886806667295,0.1235632183908046
Random Forest,ROC,0.09238158018645823,0.12643678160919541
Random Forest,ROC,0.09407665505226481,0.12931034482758622
Random Forest,ROC,0.09530087578868067,0.12931034482758622
Random Forest,ROC,0.09614841322158395,0.13505747126436782
Random Forest,ROC,0.09963273377907524,0.13793103448275862
Random Forest,ROC,0.10010358790846596,0.14080459770114942
Random Forest,ROC,0.10142197947075995,0.14655172413793102
Random Forest,ROC,0.10660137489405783,0.14942528735632185
Random Forest,ROC,0.10707222902344854,0.15517241379310345
Random Forest,ROC,0.10980318297391468,0.15804597701149425
Random Forest,ROC,0.11074489123269611,0.16091954022988506
Random Forest,ROC,0.11987946134287597,0.16379310344827586
Random Forest,ROC,0.12383463602975799,0.16954022988505746
Random Forest,ROC,0.12920237310481214,0.1752873563218391
Random Forest,ROC,0.13391091439871927,0.1781609195402299
Random Forest,ROC,0.13447593935398813,0.1839080459770115
Random Forest,ROC,0.13711272247857614,0.1839080459770115
Random Forest,ROC,0.13814860156323572,0.1896551724137931
Random Forest,ROC,0.14200960542423957,0.1925287356321839
Random Forest,ROC,0.14897824653922215,0.19827586206896552
Random Forest,ROC,0.15048497975327244,0.19827586206896552
Random Forest,ROC,0.154816837743667,0.20114942528735633
Random Forest,ROC,0.15670025426122988,0.20689655172413793
Random Forest,ROC,0.1584894999529146,0.20977011494252873
Random Forest,ROC,0.15905452490818345,0.21264367816091953
Random Forest,ROC,0.1622563329880403,0.21551724137931033
Random Forest,ROC,0.16658819097843489,0.21839080459770116
Random Forest,ROC,0.1668707034560693,0.22126436781609196
Random Forest,ROC,0.16734155758546002,0.22413793103448276
Random Forest,ROC,0.16865994914775403,0.22988505747126436
Random Forest,ROC,0.1716734155758546,0.23275862068965517
Random Forest,ROC,0.17383934457105188,0.23563218390804597
Random Forest,ROC,0.17967793577549676,0.23850574712643677
Random Forest,ROC,0.18099632733779075,0.2413793103448276
Random Forest,ROC,0.18212637724832847,0.2442528735632184
Random Forest,ROC,0.18787079762689518,0.2442528735632184
Random Forest,ROC,0.1883416517562859,0.2471264367816092
Random Forest,ROC,0.19173180148789906,0.25
Random Forest,ROC,0.19389773048309633,0.2557471264367816
Random Forest,ROC,0.20048968829456634,0.2614942528735632
Random Forest,ROC,0.2067991336284019,0.26436781609195403
Random Forest,ROC,0.21018928336001508,0.2672413793103448
Random Forest,ROC,0.22045390338073265,0.27011494252873564
Random Forest,ROC,0.2212072699877578,0.27011494252873564
Random Forest,ROC,0.2245032488934928,0.27298850574712646
Random Forest,ROC,0.22544495715227422,0.27873563218390807
Random Forest,ROC,0.2264808362369338,0.28448275862068967
Random Forest,ROC,0.2343911856106978,0.28448275862068967
Random Forest,ROC,0.23561540634711367,0.28735632183908044
Random Forest,ROC,0.23909972690460496,0.29022988505747127
Random Forest,ROC,0.24022977681514268,0.2959770114942529
Random Forest,ROC,0.24173651002919297,0.2988505747126437
Random Forest,ROC,0.24983520105471324,0.3045977011494253
Random Forest,ROC,0.2504943968358603,0.3074712643678161
Random Forest,ROC,0.25237781335342313,0.3074712643678161
Random Forest,ROC,0.2550145964780111,0.3103448275862069
Random Forest,ROC,0.25529710895564556,0.3132183908045977
Random Forest,ROC,0.25670967134381767,0.3160919540229885
Random Forest,ROC,0.25727469629908656,0.31896551724137934
Random Forest,ROC,0.25906394199077126,0.3218390804597701
Random Forest,ROC,0.2649025331952161,0.32471264367816094
Random Forest,ROC,0.2650908748469724,0.33045977011494254
Random Forest,ROC,0.2686693662303418,0.3333333333333333
Random Forest,ROC,0.26961107448912325,0.33620689655172414
Random Forest,ROC,0.2722478576137113,0.33620689655172414
Random Forest,ROC,0.276014690648837,0.34195402298850575
Random Forest,ROC,0.277333082211131,0.3448275862068966
Random Forest,ROC,0.27940484038045016,0.3448275862068966
Random Forest,ROC,0.280629061116866,0.3448275862068966
Random Forest,ROC,0.28222996515679444,0.3448275862068966
Random Forest,ROC,0.28336001506733216,0.3505747126436782
Random Forest,ROC,0.28580845654016385,0.35344827586206895
Random Forest,ROC,0.297768151426688,0.3563218390804598
Random Forest,ROC,0.3047367925416706,0.3620689655172414
Random Forest,ROC,0.30746774649213676,0.3649425287356322
Random Forest,ROC,0.30756191731801485,0.3706896551724138
Random Forest,ROC,0.3143422167812412,0.3735632183908046
Random Forest,ROC,0.32036914963744234,0.3793103448275862
Random Forest,ROC,0.3293153780958659,0.382183908045977
Random Forest,ROC,0.3344947735191638,0.3850574712643678
Random Forest,ROC,0.3352481401261889,0.3879310344827586
Random Forest,ROC,0.34937376400791037,0.39080459770114945
Random Forest,ROC,0.35003295978905735,0.39655172413793105
Random Forest,ROC,0.3521047179583765,0.3994252873563218
Random Forest,ROC,0.3535172803465486,0.3994252873563218
Random Forest,ROC,0.3613334588944345,0.4051724137931034
Random Forest,ROC,0.3619926546755815,0.40804597701149425
Random Forest,ROC,0.3672662209247575,0.4109195402298851
Random Forest,ROC,0.36839627083529525,0.4109195402298851
Random Forest,ROC,0.37084471230812693,0.4109195402298851
Random Forest,ROC,0.3736698370844712,0.41379310344827586
Random Forest,ROC,0.37574159525379036,0.4166666666666667
Random Forest,ROC,0.37790752424898766,0.41954022988505746
Random Forest,ROC,0.38026179489594125,0.4224137931034483
Random Forest,ROC,0.3817685281099915,0.42528735632183906
Random Forest,ROC,0.3826160655428948,0.42528735632183906
Random Forest,ROC,0.38506450701572653,0.4281609195402299
Random Forest,ROC,0.3896788774837555,0.4339080459770115
Random Forest,ROC,0.39372822299651566,0.4339080459770115
Random Forest,ROC,0.39693003107637254,0.4367816091954023
Random Forest,ROC,0.3986251059421791,0.4396551724137931
Random Forest,ROC,0.3993784725492043,0.4425287356321839
Random Forest,ROC,0.4006026932856201,0.4454022988505747
Random Forest,ROC,0.4019210848479141,0.4454022988505747
Random Forest,ROC,0.40286279310669554,0.4511494252873563
Random Forest,ROC,0.4040870138431114,0.4511494252873563
Random Forest,ROC,0.4045578679725021,0.4511494252873563
Random Forest,ROC,0.40559374705716167,0.4540229885057471
Random Forest,ROC,0.4098314342216781,0.45977011494252873
Random Forest,ROC,0.41246821734626615,0.46264367816091956
Random Forest,ROC,0.41642339203314815,0.46551724137931033
Random Forest,ROC,0.41962520011300497,0.46839080459770116
Random Forest,ROC,0.42141444580468973,0.47413793103448276
Random Forest,ROC,0.425557962143328,0.47413793103448276
Random Forest,ROC,0.4264054995762313,0.47701149425287354
Random Forest,ROC,0.42913645352669744,0.47988505747126436
Random Forest,ROC,0.4315848949995291,0.47988505747126436
Random Forest,ROC,0.434127507298239,0.4827586206896552
Random Forest,ROC,0.4369526320745833,0.4827586206896552
Random Forest,ROC,0.44373293153780957,0.48563218390804597
Random Forest,ROC,0.444015444015444,0.49137931034482757
Random Forest,ROC,0.44589886053300687,0.4942528735632184
Random Forest,ROC,0.4503248893492796,0.4942528735632184
Random Forest,ROC,0.45267915999623315,0.4942528735632184
Random Forest,ROC,0.4587060928524343,0.4942528735632184
Random Forest,ROC,0.46492136736039175,0.49712643678160917
Random Forest,ROC,0.46821734626612677,0.5
Random Forest,ROC,0.4701007627836896,0.5
Random Forest,ROC,0.4705716169130803,0.5028735632183908
Random Forest,ROC,0.47518598738110934,0.5057471264367817
Random Forest,ROC,0.4754684998587438,0.5086206896551724
Random Forest,ROC,0.47932950371974764,0.5114942528735632
Random Forest,ROC,0.4821546284960919,0.514367816091954
Random Forest,ROC,0.48309633675487335,0.514367816091954
Random Forest,ROC,0.48356719088426403,0.5172413793103449
Random Forest,ROC,0.48403804501365477,0.5172413793103449
Random Forest,ROC,0.4891232696110745,0.5201149425287356
Random Forest,ROC,0.4925134193426876,0.5258620689655172
Random Forest,ROC,0.4939259817308598,0.5258620689655172
Random Forest,ROC,0.4955268857707882,0.5316091954022989
Random Forest,ROC,0.5008004520199643,0.5344827586206896
Random Forest,ROC,0.5067332140502873,0.5373563218390804
Random Forest,ROC,0.5086166305678501,0.5431034482758621
Random Forest,ROC,0.5113475845183162,0.5459770114942529
Random Forest,ROC,0.5120067802994632,0.5517241379310345
Random Forest,ROC,0.5145493925981731,0.5545977011494253
Random Forest,ROC,0.520387983802618,0.5574712643678161
Random Forest,ROC,0.521141350409643,0.5603448275862069
Random Forest,ROC,0.5233072794048403,0.5632183908045977
Random Forest,ROC,0.5242489876636218,0.5689655172413793
Random Forest,ROC,0.5292400414351633,0.5718390804597702
Random Forest,ROC,0.5314059704303606,0.5747126436781609
Random Forest,ROC,0.5328185328185329,0.5775862068965517
Random Forest,ROC,0.5366795366795367,0.5804597701149425
Random Forest,ROC,0.5371503908089273,0.5862068965517241
Random Forest,ROC,0.540163857237028,0.5890804597701149
Random Forest,ROC,0.5412939071475656,0.5890804597701149
Random Forest,ROC,0.542141444580469,0.5919540229885057
Random Forest,ROC,0.5456257651379602,0.5977011494252874
Random Forest,ROC,0.5488275732178172,0.603448275862069
Random Forest,ROC,0.5531594312082116,0.6091954022988506
Random Forest,ROC,0.5539127978152368,0.6120689655172413
Random Forest,ROC,0.5571146058950937,0.6120689655172413
Random Forest,ROC,0.5607872681043413,0.617816091954023
Random Forest,ROC,0.5677559092193238,0.6206896551724138
Random Forest,ROC,0.574442037856672,0.6206896551724138
Random Forest,ROC,0.579056408324701,0.6235632183908046
Random Forest,ROC,0.5825407288821923,0.6235632183908046
Random Forest,ROC,0.5828232413598268,0.6264367816091954
Random Forest,ROC,0.5835766079668518,0.6264367816091954
Random Forest,ROC,0.5850833411809021,0.6293103448275862
Random Forest,ROC,0.5964780111121575,0.6293103448275862
Random Forest,ROC,0.5983614276297203,0.6350574712643678
Random Forest,ROC,0.600150673321405,0.6350574712643678
Random Forest,ROC,0.6032583105753837,0.6379310344827587
Random Forest,ROC,0.607401826914022,0.6436781609195402
Random Forest,ROC,0.6115453432526603,0.646551724137931
Random Forest,ROC,0.6138054430737357,0.6522988505747126
Random Forest,ROC,0.6155946887654205,0.6551724137931034
Random Forest,ROC,0.6182314718900085,0.6580459770114943
Random Forest,ROC,0.6226575007062812,0.6637931034482759
Random Forest,ROC,0.6276485544778228,0.6666666666666666
Random Forest,ROC,0.6300028251247763,0.6695402298850575
Random Forest,ROC,0.6321687541199736,0.6724137931034483
Random Forest,ROC,0.6346171955928054,0.6781609195402298
Random Forest,ROC,0.6376306620209059,0.6810344827586207
Random Forest,ROC,0.6408324701007628,0.6839080459770115
Random Forest,ROC,0.6421508616630568,0.6867816091954023
Random Forest,ROC,0.6477069403898672,0.6896551724137931
Random Forest,ROC,0.6478011112157454,0.6954022988505747
Random Forest,ROC,0.6581599020623411,0.6982758620689655
Random Forest,ROC,0.6588190978434881,0.7040229885057471
Random Forest,ROC,0.6605141727092947,0.7068965517241379
Random Forest,ROC,0.6628684433562483,0.7097701149425287
Random Forest,ROC,0.6633392974856389,0.7126436781609196
Random Forest,ROC,0.6683303512571805,0.7155172413793104
Random Forest,ROC,0.6703079386006215,0.7212643678160919
Random Forest,ROC,0.6772765797156041,0.7241379310344828
Random Forest,ROC,0.6831151709200489,0.7270114942528736
Random Forest,ROC,0.6872586872586872,0.7327586206896551
Random Forest,ROC,0.6933797909407665,0.735632183908046
Random Forest,ROC,0.6981825030605519,0.7413793103448276
Random Forest,ROC,0.7041152650908749,0.7442528735632183
Random Forest,ROC,0.7046802900461437,0.7528735632183908
Random Forest,ROC,0.7053394858272907,0.7557471264367817
Random Forest,ROC,0.7189000847537433,0.7614942528735632
Random Forest,ROC,0.7221018928336002,0.764367816091954
Random Forest,ROC,0.725303700913457,0.7701149425287356
Random Forest,ROC,0.7333082211130991,0.7701149425287356
Random Forest,ROC,0.7361333458894435,0.7758620689655172
Random Forest,ROC,0.740465203879838,0.7787356321839081
Random Forest,ROC,0.7408418871833506,0.7844827586206896
Random Forest,ROC,0.743761182785573,0.7902298850574713
Random Forest,ROC,0.7475280158206987,0.7931034482758621
Random Forest,ROC,0.7486580657312365,0.7959770114942529
Random Forest,ROC,0.7505414822487994,0.7988505747126436
Random Forest,ROC,0.7514831905075807,0.8045977011494253
Random Forest,ROC,0.7573217817120256,0.8074712643678161
Random Forest,ROC,0.7602410773142481,0.8132183908045977
Random Forest,ROC,0.7625953479612017,0.8160919540229885
Random Forest,ROC,0.7636312270458612,0.8160919540229885
Random Forest,ROC,0.7653263019116677,0.8218390804597702
Random Forest,ROC,0.7702231848573312,0.8247126436781609
Random Forest,ROC,0.7738016762407006,0.8304597701149425
Random Forest,ROC,0.7770976551464356,0.8333333333333334
Random Forest,ROC,0.7775685092758263,0.8362068965517241
Random Forest,ROC,0.7834071004802712,0.8419540229885057
Random Forest,ROC,0.7942367454562577,0.8419540229885057
Random Forest,ROC,0.7972502118843582,0.8448275862068966
Random Forest,ROC,0.8000753366607025,0.8477011494252874
Random Forest,ROC,0.8015820698747528,0.8505747126436781
Random Forest,ROC,0.8045013654769753,0.8505747126436781
Random Forest,ROC,0.8084565401638573,0.8563218390804598
Random Forest,ROC,0.8091157359450042,0.8620689655172413
Random Forest,ROC,0.8131650814577643,0.8649425287356322
Random Forest,ROC,0.8153310104529616,0.8706896551724138
Random Forest,ROC,0.8172144269705245,0.8735632183908046
Random Forest,ROC,0.8224879932197006,0.8793103448275862
Random Forest,ROC,0.8283265844241454,0.882183908045977
Random Forest,ROC,0.8341651756285903,0.8850574712643678
Random Forest,ROC,0.8356719088426405,0.8908045977011494
Random Forest,ROC,0.8384970336189849,0.8936781609195402
Random Forest,ROC,0.839909596007157,0.8994252873563219
Random Forest,ROC,0.8446181373010642,0.8994252873563219
Random Forest,ROC,0.8460306996892363,0.9022988505747126
Random Forest,ROC,0.8581787362275167,0.9080459770114943
Random Forest,ROC,0.8593087861380544,0.9109195402298851
Random Forest,ROC,0.8673133063376965,0.9166666666666666
Random Forest,ROC,0.8778604388360486,0.9195402298850575
Random Forest,ROC,0.8795555137018551,0.9252873563218391
Random Forest,ROC,0.8810622469159054,0.9281609195402298
Random Forest,ROC,0.8844523966475186,0.9310344827586207
Random Forest,ROC,0.8920802335436482,0.9367816091954023
Random Forest,ROC,0.897918824748093,0.9367816091954023
Random Forest,ROC,0.9030040493455127,0.9425287356321839
Random Forest,ROC,0.915057915057915,0.9454022988505747
Random Forest,ROC,0.9154345983614276,0.9511494252873564
Random Forest,ROC,0.9179772106601375,0.9511494252873564
Random Forest,ROC,0.9230624352575572,0.9540229885057471
Random Forest,ROC,0.9321028345418589,0.9597701149425287
Random Forest,ROC,0.9420849420849421,0.9597701149425287
Random Forest,ROC,0.9470759958564836,0.9655172413793104
Random Forest,ROC,0.9531029287126848,0.9683908045977011
Random Forest,ROC,0.9562105659666635,0.9712643678160919
Random Forest,ROC,0.9590356907430078,0.9741379310344828
Random Forest,ROC,0.9660043318579904,0.9798850574712644
Random Forest,ROC,0.9660985026838685,0.985632183908046
Random Forest,ROC,0.9726904604953386,0.985632183908046
Random Forest,ROC,0.974950560316414,0.9913793103448276
Random Forest,ROC,0.9816366889537621,0.9913793103448276
Random Forest,ROC,0.9846501553818627,0.9942528735632183
Random Forest,ROC,1.0,1.0
Random Forest,Gains,0.00911826388255676,0.28735632183908044
Random Forest,Gains,0.33737576365460015,1.1494252873563218
Random Forest,Gains,0.6747515273092003,1.4367816091954022
Random Forest,Gains,1.0121272909638004,2.2988505747126435
Random Forest,Gains,1.340384790735844,2.586206896551724
Random Forest,Gains,1.677760554390444,3.4482758620689653
Random Forest,Gains,2.015136318045044,4.022988505747127
Random Forest,Gains,2.3433938178170877,5.172413793103448
Random Forest,Gains,2.680769581471688,5.459770114942529
Random Forest,Gains,3.0181453451262876,6.321839080459771
Random Forest,Gains,3.3464028448983316,6.321839080459771
Random Forest,Gains,3.683778608552932,7.183908045977011
Random Forest,Gains,4.021154372207532,7.471264367816093
Random Forest,Gains,4.349411871979575,8.045977011494253
Random Forest,Gains,4.686787635634175,8.620689655172415
Random Forest,Gains,5.024163399288775,9.195402298850574
Random Forest,Gains,5.352420899060819,10.344827586206897
Random Forest,Gains,5.689796662715419,10.632183908045976
Random Forest,Gains,6.0271724263700195,11.206896551724139
Random Forest,Gains,6.355429926142063,11.206896551724139
Random Forest,Gains,6.692805689796663,11.206896551724139
Random Forest,Gains,7.030181453451263,11.206896551724139
Random Forest,Gains,7.358438953223306,11.206896551724139
Random Forest,Gains,7.695814716877907,11.206896551724139
Random Forest,Gains,8.033190480532507,11.781609195402298
Random Forest,Gains,8.36144798030455,12.068965517241379
Random Forest,Gains,8.69882374395915,12.068965517241379
Random Forest,Gains,9.03619950761375,12.643678160919542
Random Forest,Gains,9.364457007385795,12.931034482758621
Random Forest,Gains,9.701832771040394,13.218390804597702
Random Forest,Gains,10.039208534694994,13.793103448275861
Random Forest,Gains,10.367466034467038,14.655172413793101
Random Forest,Gains,10.704841798121638,14.942528735632186
Random Forest,Gains,11.042217561776239,15.517241379310345
Random Forest,Gains,11.370475061548282,16.091954022988507
Random Forest,Gains,11.70785082520288,16.379310344827587
Random Forest,Gains,12.045226588857481,16.379310344827587
Random Forest,Gains,12.373484088629525,16.666666666666664
Random Forest,Gains,12.710859852284125,17.24137931034483
Random Forest,Gains,13.048235615938724,17.24137931034483
Random Forest,Gains,13.385611379593326,17.81609195402299
Random Forest,Gains,13.713868879365368,18.39080459770115
Random Forest,Gains,14.05124464301997,18.96551724137931
Random Forest,Gains,14.388620406674569,19.54022988505747
Random Forest,Gains,14.716877906446612,19.54022988505747
Random Forest,Gains,15.054253670101211,19.82758620689655
Random Forest,Gains,15.391629433755813,19.82758620689655
Random Forest,Gains,15.719886933527857,20.402298850574713
Random Forest,Gains,16.057262697182455,20.977011494252874
Random Forest,Gains,16.394638460837058,21.551724137931032
Random Forest,Gains,16.7228959606091,21.839080459770116
Random Forest,Gains,17.0602717242637,22.988505747126435
Random Forest,Gains,17.3976474879183,23.563218390804597
Random Forest,Gains,17.725904987690345,23.563218390804597
Random Forest,Gains,18.063280751344944,23.563218390804597
Random Forest,Gains,18.400656514999543,24.137931034482758
Random Forest,Gains,18.72891401477159,24.42528735632184
Random Forest,Gains,19.06628977842619,24.71264367816092
Random Forest,Gains,19.403665542080788,25.287356321839084
Random Forest,Gains,19.73192304185283,25.57471264367816
Random Forest,Gains,20.069298805507433,25.57471264367816
Random Forest,Gains,20.406674569162032,26.14942528735632
Random Forest,Gains,20.734932068934075,26.436781609195403
Random Forest,Gains,21.072307832588674,26.436781609195403
Random Forest,Gains,21.409683596243276,27.011494252873565
Random Forest,Gains,21.737941096015316,27.011494252873565
Random Forest,Gains,22.07531685966992,27.011494252873565
Random Forest,Gains,22.412692623324517,27.298850574712645
Random Forest,Gains,22.740950123096564,27.873563218390807
Random Forest,Gains,23.078325886751163,28.448275862068968
Random Forest,Gains,23.41570165040576,28.448275862068968
Random Forest,Gains,23.74395915017781,28.735632183908045
Random Forest,Gains,24.081334913832407,29.310344827586203
Random Forest,Gains,24.418710677487006,30.17241379310345
Random Forest,Gains,24.74696817725905,30.17241379310345
Random Forest,Gains,25.08434394091365,30.45977011494253
Random Forest,Gains,25.42171970456825,31.03448275862069
Random Forest,Gains,25.75909546822285,31.321839080459768
Random Forest,Gains,26.087352967994892,31.896551724137932
Random Forest,Gains,26.424728731649495,32.4712643678161
Random Forest,Gains,26.762104495304094,33.04597701149425
Random Forest,Gains,27.09036199507614,33.33333333333333
Random Forest,Gains,27.427737758730736,33.62068965517241
Random Forest,Gains,27.765113522385338,33.90804597701149
Random Forest,Gains,28.09337102215738,34.48275862068966
Random Forest,Gains,28.430746785811984,34.770114942528735
Random Forest,Gains,28.76812254946658,35.3448275862069
Random Forest,Gains,29.096380049238626,35.63218390804598
Random Forest,Gains,29.433755812893224,35.63218390804598
Random Forest,Gains,29.771131576547827,35.63218390804598
Random Forest,Gains,30.09938907631987,35.91954022988506
Random Forest,Gains,30.43676483997447,35.91954022988506
Random Forest,Gains,30.774140603629068,36.49425287356322
Random Forest,Gains,31.102398103401114,37.06896551724138
Random Forest,Gains,31.439773867055713,37.35632183908046
Random Forest,Gains,31.777149630710312,37.64367816091954
Random Forest,Gains,32.105407130482355,37.64367816091954
Random Forest,Gains,32.442782894136954,38.2183908045977
Random Forest,Gains,32.78015865779156,38.2183908045977
Random Forest,Gains,33.108416157563596,38.2183908045977
Random Forest,Gains,33.4457919212182,38.2183908045977
Random Forest,Gains,33.7831676848728,38.793103448275865
Random Forest,Gains,34.111425184644844,38.793103448275865
Random Forest,Gains,34.44880094829944,39.08045977011494
Random Forest,Gains,34.78617671195404,39.08045977011494
Random Forest,Gains,35.114434211726085,39.36781609195402
Random Forest,Gains,35.45180997538069,39.94252873563218
Random Forest,Gains,35.78918573903529,40.51724137931034
Random Forest,Gains,36.117443238807326,40.51724137931034
Random Forest,Gains,36.45481900246193,40.804597701149426
Random Forest,Gains,36.79219476611653,41.09195402298851
Random Forest,Gains,37.120452265888574,41.09195402298851
Random Forest,Gains,37.45782802954318,41.37931034482759
Random Forest,Gains,37.79520379319777,41.66666666666667
Random Forest,Gains,38.13257955685238,42.241379310344826
Random Forest,Gains,38.46083705662442,42.5287356321839
Random Forest,Gains,38.79821282027902,43.103448275862064
Random Forest,Gains,39.13558858393362,43.39080459770115
Random Forest,Gains,39.46384608370566,43.39080459770115
Random Forest,Gains,39.80122184736026,43.67816091954023
Random Forest,Gains,40.138597611014866,44.54022988505747
Random Forest,Gains,40.4668551107869,45.11494252873563
Random Forest,Gains,40.80423087444151,45.40229885057471
Random Forest,Gains,41.14160663809611,45.97701149425287
Random Forest,Gains,41.46986413786815,46.55172413793103
Random Forest,Gains,41.80723990152275,46.839080459770116
Random Forest,Gains,42.14461566517735,46.839080459770116
Random Forest,Gains,42.47287316494939,47.41379310344828
Random Forest,Gains,42.810248928604,47.701149425287355
Random Forest,Gains,43.147624692258596,47.98850574712644
Random Forest,Gains,43.47588219203063,48.275862068965516
Random Forest,Gains,43.81325795568524,48.275862068965516
Random Forest,Gains,44.15063371933984,48.275862068965516
Random Forest,Gains,44.47889121911188,48.56321839080459
Random Forest,Gains,44.816266982766486,49.42528735632184
Random Forest,Gains,45.15364274642108,49.42528735632184
Random Forest,Gains,45.48190024619313,49.42528735632184
Random Forest,Gains,45.81927600984773,49.42528735632184
Random Forest,Gains,46.156651773502325,49.42528735632184
Random Forest,Gains,46.48490927327437,49.42528735632184
Random Forest,Gains,46.82228503692897,50.0
Random Forest,Gains,47.159660800583566,50.287356321839084
Random Forest,Gains,47.48791830035562,50.57471264367817
Random Forest,Gains,47.82529406401021,50.86206896551724
Random Forest,Gains,48.162669827664814,51.14942528735632
Random Forest,Gains,48.49092732743686,51.724137931034484
Random Forest,Gains,48.828303091091456,52.01149425287356
Random Forest,Gains,49.16567885474606,52.29885057471264
Random Forest,Gains,49.4939363545181,52.58620689655172
Random Forest,Gains,49.8313121181727,53.44827586206896
Random Forest,Gains,50.1686878818273,53.44827586206896
Random Forest,Gains,50.5060636454819,53.735632183908045
Random Forest,Gains,50.834321145253945,54.02298850574713
Random Forest,Gains,51.17169690890855,54.59770114942529
Random Forest,Gains,51.509072672563136,55.45977011494253
Random Forest,Gains,51.837330172335186,55.74712643678161
Random Forest,Gains,52.174705935989785,56.03448275862068
Random Forest,Gains,52.51208169964438,56.60919540229885
Random Forest,Gains,52.840339199416434,56.896551724137936
Random Forest,Gains,53.17771496307103,57.47126436781609
Random Forest,Gains,53.51509072672563,58.04597701149425
Random Forest,Gains,53.84334822649768,58.333333333333336
Random Forest,Gains,54.18072399015228,58.90804597701149
Random Forest,Gains,54.51809975380687,59.48275862068966
Random Forest,Gains,54.846357253578915,59.77011494252874
Random Forest,Gains,55.183733017233514,60.63218390804598
Random Forest,Gains,55.52110878088812,61.206896551724135
Random Forest,Gains,55.84936628066016,61.206896551724135
Random Forest,Gains,56.18674204431476,61.49425287356321
Random Forest,Gains,56.52411780796937,61.7816091954023
Random Forest,Gains,56.85237530774141,62.06896551724138
Random Forest,Gains,57.18975107139601,62.06896551724138
Random Forest,Gains,57.5271268350506,62.06896551724138
Random Forest,Gains,57.855384334822645,62.356321839080465
Random Forest,Gains,58.19276009847725,62.356321839080465
Random Forest,Gains,58.53013586213185,62.643678160919535
Random Forest,Gains,58.85839336190389,62.93103448275862
Random Forest,Gains,59.19576912555849,62.93103448275862
Random Forest,Gains,59.5331448892131,62.93103448275862
Random Forest,Gains,59.86140238898514,63.50574712643679
Random Forest,Gains,60.19877815263974,63.50574712643679
Random Forest,Gains,60.53615391629433,64.08045977011494
Random Forest,Gains,60.864411416066375,64.36781609195403
Random Forest,Gains,61.20178717972098,64.65517241379311
Random Forest,Gains,61.53916294337558,65.22988505747126
Random Forest,Gains,61.86742044314762,65.80459770114942
Random Forest,Gains,62.20479620680223,66.0919540229885
Random Forest,Gains,62.54217197045683,66.37931034482759
Random Forest,Gains,62.879547734111426,66.66666666666666
Random Forest,Gains,63.20780523388348,67.24137931034483
Random Forest,Gains,63.54518099753806,67.52873563218391
Random Forest,Gains,63.88255676119267,68.10344827586206
Random Forest,Gains,64.21081426096471,68.39080459770115
Random Forest,Gains,64.54819002461932,68.67816091954023
Random Forest,Gains,64.88556578827391,68.96551724137932
Random Forest,Gains,65.21382328804596,69.54022988505747
Random Forest,Gains,65.55119905170056,69.54022988505747
Random Forest,Gains,65.88857481535516,69.82758620689656
Random Forest,Gains,66.21683231512719,70.6896551724138
Random Forest,Gains,66.5542080787818,71.26436781609196
Random Forest,Gains,66.8915838424364,71.55172413793103
Random Forest,Gains,67.21984134220844,72.12643678160919
Random Forest,Gains,67.55721710586305,72.12643678160919
Random Forest,Gains,67.89459286951765,72.41379310344827
Random Forest,Gains,68.22285036928969,72.41379310344827
Random Forest,Gains,68.5602261329443,72.98850574712644
Random Forest,Gains,68.89760189659889,73.27586206896551
Random Forest,Gains,69.22585939637092,73.27586206896551
Random Forest,Gains,69.56323516002553,73.85057471264368
Random Forest,Gains,69.90061092368013,73.85057471264368
Random Forest,Gains,70.22886842345217,74.13793103448276
Random Forest,Gains,70.56624418710678,75.0
Random Forest,Gains,70.90361995076138,75.86206896551724
Random Forest,Gains,71.23187745053342,75.86206896551724
Random Forest,Gains,71.56925321418802,75.86206896551724
Random Forest,Gains,71.90662897784263,75.86206896551724
Random Forest,Gains,72.23488647761465,76.4367816091954
Random Forest,Gains,72.57226224126926,76.72413793103449
Random Forest,Gains,72.90963800492386,77.01149425287356
Random Forest,Gains,73.2378955046959,77.01149425287356
Random Forest,Gains,73.5752712683505,77.29885057471265
Random Forest,Gains,73.91264703200511,77.87356321839081
Random Forest,Gains,74.24090453177715,78.44827586206897
Random Forest,Gains,74.57828029543175,79.02298850574712
Random Forest,Gains,74.91565605908636,79.59770114942529
Random Forest,Gains,75.25303182274095,80.17241379310344
Random Forest,Gains,75.58128932251299,80.74712643678161
Random Forest,Gains,75.9186650861676,81.03448275862068
Random Forest,Gains,76.2560408498222,81.60919540229885
Random Forest,Gains,76.58429834959423,81.89655172413794
Random Forest,Gains,76.92167411324884,82.18390804597702
Random Forest,Gains,77.25904987690345,82.75862068965517
Random Forest,Gains,77.58730737667548,83.04597701149426
Random Forest,Gains,77.92468314033009,83.62068965517241
Random Forest,Gains,78.26205890398468,83.9080459770115
Random Forest,Gains,78.59031640375672,84.19540229885058
Random Forest,Gains,78.92769216741132,84.19540229885058
Random Forest,Gains,79.26506793106593,84.19540229885058
Random Forest,Gains,79.59332543083796,84.19540229885058
Random Forest,Gains,79.93070119449257,84.48275862068965
Random Forest,Gains,80.26807695814718,84.77011494252874
Random Forest,Gains,80.59633445791921,85.0574712643678
Random Forest,Gains,80.9337102215738,85.63218390804597
Random Forest,Gains,81.27108598522841,86.49425287356321
Random Forest,Gains,81.59934348500045,86.7816091954023
Random Forest,Gains,81.93671924865505,87.64367816091954
Random Forest,Gains,82.27409501230966,87.64367816091954
Random Forest,Gains,82.6023525120817,87.93103448275862
Random Forest,Gains,82.9397282757363,88.2183908045977
Random Forest,Gains,83.2771040393909,88.50574712643679
Random Forest,Gains,83.60536153916294,88.79310344827587
Random Forest,Gains,83.94273730281753,89.36781609195403
Random Forest,Gains,84.28011306647214,89.9425287356322
Random Forest,Gains,84.60837056624419,89.9425287356322
Random Forest,Gains,84.94574632989878,90.22988505747126
Random Forest,Gains,85.28312209355339,90.51724137931035
Random Forest,Gains,85.61137959332544,90.51724137931035
Random Forest,Gains,85.94875535698003,90.51724137931035
Random Forest,Gains,86.28613112063464,91.37931034482759
Random Forest,Gains,86.61438862040669,91.37931034482759
Random Forest,Gains,86.95176438406126,91.66666666666666
Random Forest,Gains,87.28914014771587,91.95402298850574
Random Forest,Gains,87.62651591137048,91.95402298850574
Random Forest,Gains,87.95477341114251,92.24137931034483
Random Forest,Gains,88.29214917479712,93.10344827586206
Random Forest,Gains,88.62952493845172,93.10344827586206
Random Forest,Gains,88.95778243822376,93.39080459770115
Random Forest,Gains,89.29515820187837,93.39080459770115
Random Forest,Gains,89.63253396553297,93.67816091954023
Random Forest,Gains,89.96079146530501,93.96551724137932
Random Forest,Gains,90.2981672289596,93.96551724137932
Random Forest,Gains,90.6355429926142,94.25287356321839
Random Forest,Gains,90.96380049238626,94.54022988505747
Random Forest,Gains,91.30117625604085,94.54022988505747
Random Forest,Gains,91.63855201969545,94.82758620689656
Random Forest,Gains,91.96680951946749,95.11494252873564
Random Forest,Gains,92.3041852831221,95.40229885057471
Random Forest,Gains,92.6415610467767,95.6896551724138
Random Forest,Gains,92.96981854654874,95.6896551724138
Random Forest,Gains,93.30719431020333,95.97701149425288
Random Forest,Gains,93.64457007385793,95.97701149425288
Random Forest,Gains,93.97282757362998,95.97701149425288
Random Forest,Gains,94.31020333728458,96.26436781609196
Random Forest,Gains,94.64757910093918,96.26436781609196
Random Forest,Gains,94.97583660071123,96.55172413793103
Random Forest,Gains,95.31321236436582,96.83908045977012
Random Forest,Gains,95.65058812802042,96.83908045977012
Random Forest,Gains,95.97884562779247,97.70114942528735
Random Forest,Gains,96.31622139144707,97.70114942528735
Random Forest,Gains,96.65359715510166,98.27586206896551
Random Forest,Gains,96.98185465487371,98.5632183908046
Random Forest,Gains,97.3192304185283,98.85057471264368
Random Forest,Gains,97.65660618218291,99.13793103448276
Random Forest,Gains,97.98486368195496,99.13793103448276
Random Forest,Gains,98.32223944560955,99.42528735632183
Random Forest,Gains,98.65961520926415,99.71264367816092
Random Forest,Gains,98.9878727090362,100.0
Random Forest,Gains,99.3252484726908,100.0
Random Forest,Gains,99.6626242363454,100.0
Random Forest,Gains,100.0,100.0
Gradient Boosted Trees,ROC,0.0,0.0
Gradient Boosted Trees,ROC,0.0005650249552688577,0.017241379310344827
Gradient Boosted Trees,ROC,0.005273566249176005,0.022988505747126436
Gradient Boosted Trees,ROC,0.008098691025520294,0.028735632183908046
Gradient Boosted Trees,ROC,0.010452961672473868,0.034482758620689655
Gradient Boosted Trees,ROC,0.0140314530558433,0.040229885057471264
Gradient Boosted Trees,ROC,0.015820698747528016,0.04885057471264368
Gradient Boosted Trees,ROC,0.018080798568603448,0.05459770114942529
Gradient Boosted Trees,ROC,0.021659289951972877,0.06321839080459771
Gradient Boosted Trees,ROC,0.027309539504661456,0.06896551724137931
Gradient Boosted Trees,ROC,0.031829739146812315,0.07183908045977011
Gradient Boosted Trees,ROC,0.03512571805254732,0.08045977011494253
Gradient Boosted Trees,ROC,0.03766833035125718,0.08908045977011494
Gradient Boosted Trees,ROC,0.039834259346454466,0.09195402298850575
Gradient Boosted Trees,ROC,0.043883604859214616,0.10057471264367816
Gradient Boosted Trees,ROC,0.051323100103587906,0.10632183908045977
Gradient Boosted Trees,ROC,0.05772671626330163,0.10919540229885058
Gradient Boosted Trees,ROC,0.05932762030323006,0.11206896551724138
Gradient Boosted Trees,ROC,0.06177606177606178,0.1206896551724138
Gradient Boosted Trees,ROC,0.06488369903004049,0.1206896551724138
Gradient Boosted Trees,ROC,0.06742631132875035,0.1235632183908046
Gradient Boosted Trees,ROC,0.07138148601563235,0.12643678160919541
Gradient Boosted Trees,ROC,0.07599585648366136,0.12643678160919541
Gradient Boosted Trees,ROC,0.08013937282229965,0.13218390804597702
Gradient Boosted Trees,ROC,0.08324701007627837,0.13505747126436782
Gradient Boosted Trees,ROC,0.08569545154911008,0.13793103448275862
Gradient Boosted Trees,ROC,0.09002730953950466,0.14367816091954022
Gradient Boosted Trees,ROC,0.09209906770882381,0.14655172413793102
Gradient Boosted Trees,ROC,0.09388831340050852,0.15229885057471265
Gradient Boosted Trees,ROC,0.09633675487334024,0.15804597701149425
Gradient Boosted Trees,ROC,0.09887936717205009,0.16379310344827586
Gradient Boosted Trees,ROC,0.1021753460777851,0.1752873563218391
Gradient Boosted Trees,ROC,0.10452961672473868,0.1839080459770115
Gradient Boosted Trees,ROC,0.10688388737169224,0.1867816091954023
Gradient Boosted Trees,ROC,0.10791976645635182,0.19827586206896552
Gradient Boosted Trees,ROC,0.11130991618796497,0.20114942528735633
Gradient Boosted Trees,ROC,0.11517092004896883,0.20114942528735633
Gradient Boosted Trees,ROC,0.11761936152180055,0.20689655172413793
Gradient Boosted Trees,ROC,0.11874941143233826,0.21264367816091953
Gradient Boosted Trees,ROC,0.1214803653828044,0.21839080459770116
Gradient Boosted Trees,ROC,0.12468217346266126,0.22413793103448276
Gradient Boosted Trees,ROC,0.12967322723420285,0.22413793103448276
Gradient Boosted Trees,ROC,0.13278086448818155,0.23275862068965517
Gradient Boosted Trees,ROC,0.13579433091628212,0.23850574712643677
Gradient Boosted Trees,ROC,0.13843111404087013,0.23850574712643677
Gradient Boosted Trees,ROC,0.14238628872775214,0.23850574712643677
Gradient Boosted Trees,ROC,0.14822487993219702,0.23850574712643677
Gradient Boosted Trees,ROC,0.1523683962708353,0.2442528735632184
Gradient Boosted Trees,ROC,0.15613522930596102,0.25
Gradient Boosted Trees,ROC,0.1584894999529146,0.25
Gradient Boosted Trees,ROC,0.16272718711743103,0.25
Gradient Boosted Trees,ROC,0.16621150767492232,0.25
Gradient Boosted Trees,ROC,0.17110839062058575,0.25287356321839083
Gradient Boosted Trees,ROC,0.17440436952632074,0.25862068965517243
Gradient Boosted Trees,ROC,0.17666446934739619,0.2614942528735632
Gradient Boosted Trees,ROC,0.1809021565119126,0.2614942528735632
Gradient Boosted Trees,ROC,0.1848573311987946,0.2672413793103448
Gradient Boosted Trees,ROC,0.18928336001506732,0.27298850574712646
Gradient Boosted Trees,ROC,0.19220265561728977,0.27586206896551724
Gradient Boosted Trees,ROC,0.19615783030417178,0.27586206896551724
Gradient Boosted Trees,ROC,0.19926546755815047,0.27873563218390807
Gradient Boosted Trees,ROC,0.2030323005932762,0.28735632183908044
Gradient Boosted Trees,ROC,0.20661079197664564,0.29310344827586204
Gradient Boosted Trees,ROC,0.20934174592711177,0.29310344827586204
Gradient Boosted Trees,ROC,0.2122610415293342,0.29310344827586204
Gradient Boosted Trees,ROC,0.21970053677370752,0.2959770114942529
Gradient Boosted Trees,ROC,0.22186646576890479,0.2959770114942529
Gradient Boosted Trees,ROC,0.22440907806761465,0.2988505747126437
Gradient Boosted Trees,ROC,0.22751671532159337,0.2988505747126437
Gradient Boosted Trees,ROC,0.23071852340145024,0.3017241379310345
Gradient Boosted Trees,ROC,0.23401450230718523,0.3045977011494253
Gradient Boosted Trees,ROC,0.2358979188247481,0.3045977011494253
Gradient Boosted Trees,ROC,0.23994726433750824,0.3074712643678161
Gradient Boosted Trees,ROC,0.24305490159148696,0.3103448275862069
Gradient Boosted Trees,ROC,0.24569168471607497,0.3160919540229885
Gradient Boosted Trees,ROC,0.24955268857707882,0.31896551724137934
Gradient Boosted Trees,ROC,0.2532253507863264,0.3218390804597701
Gradient Boosted Trees,ROC,0.2573688671249647,0.32471264367816094
Gradient Boosted Trees,ROC,0.2616065542894811,0.33045977011494254
Gradient Boosted Trees,ROC,0.26339579998116586,0.3333333333333333
Gradient Boosted Trees,ROC,0.2682926829268293,0.33620689655172414
Gradient Boosted Trees,ROC,0.27158866183256425,0.33620689655172414
Gradient Boosted Trees,ROC,0.27573217817120255,0.3448275862068966
Gradient Boosted Trees,ROC,0.2778039363405217,0.3448275862068966
Gradient Boosted Trees,ROC,0.2803465486392316,0.34770114942528735
Gradient Boosted Trees,ROC,0.2827008192861851,0.34770114942528735
Gradient Boosted Trees,ROC,0.28637348149543274,0.3563218390804598
Gradient Boosted Trees,ROC,0.28995197287880214,0.3620689655172414
Gradient Boosted Trees,ROC,0.29174121857048685,0.3735632183908046
Gradient Boosted Trees,ROC,0.29588473490912515,0.3764367816091954
Gradient Boosted Trees,ROC,0.29739146812317546,0.382183908045977
Gradient Boosted Trees,ROC,0.30021659289951974,0.382183908045977
Gradient Boosted Trees,ROC,0.3035125718052547,0.382183908045977
Gradient Boosted Trees,ROC,0.308974479706187,0.382183908045977
Gradient Boosted Trees,ROC,0.30972784631321215,0.3879310344827586
Gradient Boosted Trees,ROC,0.3161314624729259,0.39080459770114945
Gradient Boosted Trees,ROC,0.3185799039457576,0.39080459770114945
Gradient Boosted Trees,ROC,0.320840003766833,0.3936781609195402
Gradient Boosted Trees,ROC,0.3233826160655429,0.3936781609195402
Gradient Boosted Trees,ROC,0.32432432432432434,0.3994252873563218
Gradient Boosted Trees,ROC,0.32611357001600905,0.40229885057471265
Gradient Boosted Trees,ROC,0.32922120726998777,0.4051724137931034
Gradient Boosted Trees,ROC,0.33138713626518507,0.4051724137931034
Gradient Boosted Trees,ROC,0.3337414069121386,0.4051724137931034
Gradient Boosted Trees,ROC,0.3362840192108485,0.4109195402298851
Gradient Boosted Trees,ROC,0.3391091439871928,0.41379310344827586
Gradient Boosted Trees,ROC,0.3426876353705622,0.4166666666666667
Gradient Boosted Trees,ROC,0.34428853941049065,0.4224137931034483
Gradient Boosted Trees,ROC,0.3477728599679819,0.4224137931034483
Gradient Boosted Trees,ROC,0.35050381391844804,0.4224137931034483
Gradient Boosted Trees,ROC,0.3531405970430361,0.42528735632183906
Gradient Boosted Trees,ROC,0.35502401356059893,0.4281609195402299
Gradient Boosted Trees,ROC,0.36076843393916563,0.43103448275862066
Gradient Boosted Trees,ROC,0.3650061211036821,0.4339080459770115
Gradient Boosted Trees,ROC,0.3693379790940767,0.4339080459770115
Gradient Boosted Trees,ROC,0.3724456163480554,0.4367816091954023
Gradient Boosted Trees,ROC,0.37592993690554666,0.4396551724137931
Gradient Boosted Trees,ROC,0.3780016950748658,0.4425287356321839
Gradient Boosted Trees,ROC,0.3808268198512101,0.4454022988505747
Gradient Boosted Trees,ROC,0.3849703361898484,0.4482758620689655
Gradient Boosted Trees,ROC,0.38704209435916753,0.4511494252873563
Gradient Boosted Trees,ROC,0.3900555607872681,0.45689655172413796
Gradient Boosted Trees,ROC,0.39391656464827196,0.45977011494252873
Gradient Boosted Trees,ROC,0.399190130897448,0.46264367816091956
Gradient Boosted Trees,ROC,0.4029569639325737,0.46264367816091956
Gradient Boosted Trees,ROC,0.4053112345795273,0.46839080459770116
Gradient Boosted Trees,ROC,0.4078538468782371,0.47126436781609193
Gradient Boosted Trees,ROC,0.4102081175251907,0.47413793103448276
Gradient Boosted Trees,ROC,0.4132215839532913,0.47988505747126436
Gradient Boosted Trees,ROC,0.41708258781429514,0.47988505747126436
Gradient Boosted Trees,ROC,0.41943685846124873,0.47988505747126436
Gradient Boosted Trees,ROC,0.4215086166305678,0.4827586206896552
Gradient Boosted Trees,ROC,0.42339203314813073,0.4827586206896552
Gradient Boosted Trees,ROC,0.42612298709859686,0.4885057471264368
Gradient Boosted Trees,ROC,0.4306431867407477,0.4885057471264368
Gradient Boosted Trees,ROC,0.4345983614276297,0.4885057471264368
Gradient Boosted Trees,ROC,0.43638760711931446,0.49137931034482757
Gradient Boosted Trees,ROC,0.44062529428383085,0.4942528735632184
Gradient Boosted Trees,ROC,0.44316790658254074,0.4942528735632184
Gradient Boosted Trees,ROC,0.44787644787644787,0.4942528735632184
Gradient Boosted Trees,ROC,0.45041906017515776,0.49712643678160917
Gradient Boosted Trees,ROC,0.4535266974291364,0.5
Gradient Boosted Trees,ROC,0.45550428477257743,0.5057471264367817
Gradient Boosted Trees,ROC,0.45861192202655615,0.5086206896551724
Gradient Boosted Trees,ROC,0.4610603634993879,0.5114942528735632
Gradient Boosted Trees,ROC,0.465768904793295,0.5201149425287356
Gradient Boosted Trees,ROC,0.4689707128731519,0.5229885057471264
Gradient Boosted Trees,ROC,0.4717958376494962,0.5229885057471264
Gradient Boosted Trees,ROC,0.47565684151050003,0.5287356321839081
Gradient Boosted Trees,ROC,0.47848196628684436,0.5287356321839081
Gradient Boosted Trees,ROC,0.48074206610791975,0.5287356321839081
Gradient Boosted Trees,ROC,0.4841322158395329,0.5287356321839081
Gradient Boosted Trees,ROC,0.48752236557114603,0.5344827586206896
Gradient Boosted Trees,ROC,0.48940578208870894,0.5373563218390804
Gradient Boosted Trees,ROC,0.4918542235615406,0.5431034482758621
Gradient Boosted Trees,ROC,0.49411432338261607,0.5459770114942529
Gradient Boosted Trees,ROC,0.49825783972125437,0.5488505747126436
Gradient Boosted Trees,ROC,0.5019305019305019,0.5488505747126436
Gradient Boosted Trees,ROC,0.5056973349656276,0.5545977011494253
Gradient Boosted Trees,ROC,0.5081457764384594,0.5545977011494253
Gradient Boosted Trees,ROC,0.5115359261700725,0.5545977011494253
Gradient Boosted Trees,ROC,0.5145493925981731,0.5574712643678161
Gradient Boosted Trees,ROC,0.5162444674639797,0.5603448275862069
Gradient Boosted Trees,ROC,0.519163763066202,0.5632183908045977
Gradient Boosted Trees,ROC,0.5201996421508617,0.5718390804597702
Gradient Boosted Trees,ROC,0.5232131085789622,0.5718390804597702
Gradient Boosted Trees,ROC,0.5246256709671344,0.5747126436781609
Gradient Boosted Trees,ROC,0.5272624540917223,0.5804597701149425
Gradient Boosted Trees,ROC,0.5306526038233356,0.5890804597701149
Gradient Boosted Trees,ROC,0.5334777285996798,0.5948275862068966
Gradient Boosted Trees,ROC,0.5367737075054149,0.603448275862069
Gradient Boosted Trees,ROC,0.538845465674734,0.6091954022988506
Gradient Boosted Trees,ROC,0.5427064695357379,0.6149425287356322
Gradient Boosted Trees,ROC,0.5452490818344476,0.617816091954023
Gradient Boosted Trees,ROC,0.5486392315660609,0.617816091954023
Gradient Boosted Trees,ROC,0.5510876730388925,0.6235632183908046
Gradient Boosted Trees,ROC,0.5527827479046992,0.6350574712643678
Gradient Boosted Trees,ROC,0.555984555984556,0.6379310344827587
Gradient Boosted Trees,ROC,0.5577738016762407,0.6408045977011494
Gradient Boosted Trees,ROC,0.560598926452585,0.6436781609195402
Gradient Boosted Trees,ROC,0.5636123928806855,0.6436781609195402
Gradient Boosted Trees,ROC,0.5661550051793954,0.6436781609195402
Gradient Boosted Trees,ROC,0.5694509840851304,0.6436781609195402
Gradient Boosted Trees,ROC,0.5741595253790376,0.6436781609195402
Gradient Boosted Trees,ROC,0.5761371127224786,0.646551724137931
Gradient Boosted Trees,ROC,0.5800922874093606,0.6494252873563219
Gradient Boosted Trees,ROC,0.5825407288821923,0.6522988505747126
Gradient Boosted Trees,ROC,0.5858367077879273,0.6551724137931034
Gradient Boosted Trees,ROC,0.5886618325642716,0.6551724137931034
Gradient Boosted Trees,ROC,0.5912986156888596,0.6580459770114943
Gradient Boosted Trees,ROC,0.594217911291082,0.6580459770114943
Gradient Boosted Trees,ROC,0.5973255485450607,0.6637931034482759
Gradient Boosted Trees,ROC,0.6009982107543084,0.6666666666666666
Gradient Boosted Trees,ROC,0.6038233355306526,0.6695402298850575
Gradient Boosted Trees,ROC,0.606083435351728,0.6695402298850575
Gradient Boosted Trees,ROC,0.609379414257463,0.6695402298850575
Gradient Boosted Trees,ROC,0.6131462472925887,0.6695402298850575
Gradient Boosted Trees,ROC,0.6161597137206893,0.6724137931034483
Gradient Boosted Trees,ROC,0.6183256427158866,0.6781609195402298
Gradient Boosted Trees,ROC,0.6227516715321594,0.6810344827586207
Gradient Boosted Trees,ROC,0.6251059421791129,0.6810344827586207
Gradient Boosted Trees,ROC,0.6274602128260665,0.6810344827586207
Gradient Boosted Trees,ROC,0.6314153875129485,0.6839080459770115
Gradient Boosted Trees,ROC,0.6344288539410491,0.6896551724137931
Gradient Boosted Trees,ROC,0.6367831245880027,0.6925287356321839
Gradient Boosted Trees,ROC,0.6401732743196158,0.6982758620689655
Gradient Boosted Trees,ROC,0.6434692532253508,0.7040229885057471
Gradient Boosted Trees,ROC,0.6457293530464262,0.7068965517241379
Gradient Boosted Trees,ROC,0.6477069403898672,0.7097701149425287
Gradient Boosted Trees,ROC,0.6517562859026274,0.7097701149425287
Gradient Boosted Trees,ROC,0.6540163857237028,0.7126436781609196
Gradient Boosted Trees,ROC,0.6590074394952443,0.7126436781609196
Gradient Boosted Trees,ROC,0.6605141727092947,0.7183908045977011
Gradient Boosted Trees,ROC,0.6625859308786138,0.7212643678160919
Gradient Boosted Trees,ROC,0.6648460306996893,0.7212643678160919
Gradient Boosted Trees,ROC,0.667953667953668,0.7212643678160919
Gradient Boosted Trees,ROC,0.6722855259440625,0.7241379310344828
Gradient Boosted Trees,ROC,0.6766173839344571,0.7270114942528736
Gradient Boosted Trees,ROC,0.6819851210095113,0.7270114942528736
Gradient Boosted Trees,ROC,0.6865994914775403,0.7327586206896551
Gradient Boosted Trees,ROC,0.6901779828609097,0.7327586206896551
Gradient Boosted Trees,ROC,0.6930972784631321,0.7327586206896551
Gradient Boosted Trees,ROC,0.6951690366324512,0.735632183908046
Gradient Boosted Trees,ROC,0.69827667388643,0.7385057471264368
Gradient Boosted Trees,ROC,0.7019493360956776,0.7385057471264368
Gradient Boosted Trees,ROC,0.7049628025237782,0.75
Gradient Boosted Trees,ROC,0.7066578773895847,0.7528735632183908
Gradient Boosted Trees,ROC,0.7092004896882945,0.7528735632183908
Gradient Boosted Trees,ROC,0.7116489311611263,0.7557471264367817
Gradient Boosted Trees,ROC,0.7163574724550335,0.7557471264367817
Gradient Boosted Trees,ROC,0.7189942555796215,0.7557471264367817
Gradient Boosted Trees,ROC,0.7237969676994067,0.7586206896551724
Gradient Boosted Trees,ROC,0.7274696299086543,0.7586206896551724
Gradient Boosted Trees,ROC,0.7298239005556079,0.7586206896551724
Gradient Boosted Trees,ROC,0.7352858084565401,0.7586206896551724
Gradient Boosted Trees,ROC,0.739146812317544,0.7586206896551724
Gradient Boosted Trees,ROC,0.7412185704868631,0.7586206896551724
Gradient Boosted Trees,ROC,0.7451737451737451,0.7586206896551724
Gradient Boosted Trees,ROC,0.7484697240794802,0.7614942528735632
Gradient Boosted Trees,ROC,0.7501647989452868,0.764367816091954
Gradient Boosted Trees,ROC,0.7531782653733873,0.764367816091954
Gradient Boosted Trees,ROC,0.7553441943685846,0.764367816091954
Gradient Boosted Trees,ROC,0.7578868066672945,0.7672413793103449
Gradient Boosted Trees,ROC,0.7605235897918825,0.7672413793103449
Gradient Boosted Trees,ROC,0.7641020811752519,0.7701149425287356
Gradient Boosted Trees,ROC,0.7662680101704492,0.7701149425287356
Gradient Boosted Trees,ROC,0.7683397683397684,0.7701149425287356
Gradient Boosted Trees,ROC,0.7699406723796968,0.7787356321839081
Gradient Boosted Trees,ROC,0.7718240888972596,0.7816091954022989
Gradient Boosted Trees,ROC,0.7747433844994821,0.7816091954022989
Gradient Boosted Trees,ROC,0.7774743384499482,0.7816091954022989
Gradient Boosted Trees,ROC,0.7818061964403428,0.7816091954022989
Gradient Boosted Trees,ROC,0.78651473773425,0.7844827586206896
Gradient Boosted Trees,ROC,0.7893398625105942,0.7844827586206896
Gradient Boosted Trees,ROC,0.7921649872869385,0.7844827586206896
Gradient Boosted Trees,ROC,0.795178453715039,0.7902298850574713
Gradient Boosted Trees,ROC,0.7977210660137489,0.7988505747126436
Gradient Boosted Trees,ROC,0.8002636783124588,0.8045977011494253
Gradient Boosted Trees,ROC,0.8027121197852906,0.8074712643678161
Gradient Boosted Trees,ROC,0.805066390432244,0.8103448275862069
Gradient Boosted Trees,ROC,0.8067614652980507,0.8189655172413793
Gradient Boosted Trees,ROC,0.808927394293248,0.8218390804597702
Gradient Boosted Trees,ROC,0.8145776438459366,0.8247126436781609
Gradient Boosted Trees,ROC,0.8165552311893776,0.8333333333333334
Gradient Boosted Trees,ROC,0.8199453809209907,0.8362068965517241
Gradient Boosted Trees,ROC,0.824748093040776,0.8419540229885057
Gradient Boosted Trees,ROC,0.82606648460307,0.8477011494252874
Gradient Boosted Trees,ROC,0.8331292965439306,0.8505747126436781
Gradient Boosted Trees,ROC,0.8376494961860815,0.8505747126436781
Gradient Boosted Trees,ROC,0.8429230624352576,0.8505747126436781
Gradient Boosted Trees,ROC,0.8453715039080892,0.853448275862069
Gradient Boosted Trees,ROC,0.8473490912515302,0.8620689655172413
Gradient Boosted Trees,ROC,0.8562011488840757,0.8649425287356322
Gradient Boosted Trees,ROC,0.8685375270741125,0.867816091954023
Gradient Boosted Trees,ROC,0.870232601939919,0.8764367816091954
Gradient Boosted Trees,ROC,0.8746586307561918,0.882183908045977
Gradient Boosted Trees,ROC,0.8786138054430738,0.8879310344827587
Gradient Boosted Trees,ROC,0.8805913927865148,0.8879310344827587
Gradient Boosted Trees,ROC,0.8835106883887371,0.896551724137931
Gradient Boosted Trees,ROC,0.8892551087673038,0.8994252873563219
Gradient Boosted Trees,ROC,0.8915152085883793,0.9051724137931034
Gradient Boosted Trees,ROC,0.8954703832752613,0.9109195402298851
Gradient Boosted Trees,ROC,0.9014031453055843,0.9195402298850575
Gradient Boosted Trees,ROC,0.9044166117336849,0.9195402298850575
Gradient Boosted Trees,ROC,0.9094076655052264,0.9252873563218391
Gradient Boosted Trees,ROC,0.9118561069780582,0.9281609195402298
Gradient Boosted Trees,ROC,0.9152462567096713,0.9339080459770115
Gradient Boosted Trees,ROC,0.923627460212826,0.9396551724137931
Gradient Boosted Trees,ROC,0.9289951972878803,0.9454022988505747
Gradient Boosted Trees,ROC,0.9337037385817873,0.9511494252873564
Gradient Boosted Trees,ROC,0.9348337884923251,0.9568965517241379
Gradient Boosted Trees,ROC,0.9401073547415011,0.9626436781609196
Gradient Boosted Trees,ROC,0.944627554383652,0.9683908045977011
Gradient Boosted Trees,ROC,0.9462284584235804,0.9741379310344828
Gradient Boosted Trees,ROC,0.9515961954986345,0.9770114942528736
Gradient Boosted Trees,ROC,0.954515491100857,0.985632183908046
Gradient Boosted Trees,ROC,0.9674168942461625,0.9885057471264368
Gradient Boosted Trees,ROC,0.9709012148036539,0.9913793103448276
Gradient Boosted Trees,ROC,0.9857802052924004,0.9971264367816092
Gradient Boosted Trees,ROC,1.0,1.0
Gradient Boosted Trees,Gains,0.00911826388255676,0.28735632183908044
Gradient Boosted Trees,Gains,0.33737576365460015,2.0114942528735633
Gradient Boosted Trees,Gains,0.6747515273092003,2.2988505747126435
Gradient Boosted Trees,Gains,1.0121272909638004,2.8735632183908044
Gradient Boosted Trees,Gains,1.340384790735844,3.7356321839080464
Gradient Boosted Trees,Gains,1.677760554390444,4.597701149425287
Gradient Boosted Trees,Gains,2.015136318045044,5.747126436781609
Gradient Boosted Trees,Gains,2.3433938178170877,6.321839080459771
Gradient Boosted Trees,Gains,2.680769581471688,6.609195402298851
Gradient Boosted Trees,Gains,3.0181453451262876,7.183908045977011
Gradient Boosted Trees,Gains,3.3464028448983316,7.471264367816093
Gradient Boosted Trees,Gains,3.683778608552932,8.620689655172415
Gradient Boosted Trees,Gains,4.021154372207532,8.908045977011495
Gradient Boosted Trees,Gains,4.349411871979575,9.195402298850574
Gradient Boosted Trees,Gains,4.686787635634175,10.057471264367816
Gradient Boosted Trees,Gains,5.024163399288775,10.632183908045976
Gradient Boosted Trees,Gains,5.352420899060819,10.919540229885058
Gradient Boosted Trees,Gains,5.689796662715419,10.919540229885058
Gradient Boosted Trees,Gains,6.0271724263700195,11.206896551724139
Gradient Boosted Trees,Gains,6.355429926142063,12.068965517241379
Gradient Boosted Trees,Gains,6.692805689796663,12.068965517241379
Gradient Boosted Trees,Gains,7.030181453451263,12.35632183908046
Gradient Boosted Trees,Gains,7.358438953223306,12.643678160919542
Gradient Boosted Trees,Gains,7.695814716877907,12.643678160919542
Gradient Boosted Trees,Gains,8.033190480532507,12.643678160919542
Gradient Boosted Trees,Gains,8.36144798030455,13.505747126436782
Gradient Boosted Trees,Gains,8.69882374395915,13.793103448275861
Gradient Boosted Trees,Gains,9.03619950761375,14.367816091954023
Gradient Boosted Trees,Gains,9.364457007385795,14.367816091954023
Gradient Boosted Trees,Gains,9.701832771040394,15.517241379310345
Gradient Boosted Trees,Gains,10.039208534694994,16.379310344827587
Gradient Boosted Trees,Gains,10.367466034467038,17.24137931034483
Gradient Boosted Trees,Gains,10.704841798121638,18.39080459770115
Gradient Boosted Trees,Gains,11.042217561776239,19.54022988505747
Gradient Boosted Trees,Gains,11.370475061548282,20.114942528735632
Gradient Boosted Trees,Gains,11.70785082520288,20.114942528735632
Gradient Boosted Trees,Gains,12.045226588857481,20.689655172413794
Gradient Boosted Trees,Gains,12.373484088629525,21.551724137931032
Gradient Boosted Trees,Gains,12.710859852284125,22.126436781609197
Gradient Boosted Trees,Gains,13.048235615938724,22.413793103448278
Gradient Boosted Trees,Gains,13.385611379593326,22.988505747126435
Gradient Boosted Trees,Gains,13.713868879365368,23.850574712643677
Gradient Boosted Trees,Gains,14.05124464301997,23.850574712643677
Gradient Boosted Trees,Gains,14.388620406674569,23.850574712643677
Gradient Boosted Trees,Gains,14.716877906446612,23.850574712643677
Gradient Boosted Trees,Gains,15.054253670101211,23.850574712643677
Gradient Boosted Trees,Gains,15.391629433755813,24.137931034482758
Gradient Boosted Trees,Gains,15.719886933527857,24.42528735632184
Gradient Boosted Trees,Gains,16.057262697182455,25.0
Gradient Boosted Trees,Gains,16.394638460837058,25.0
Gradient Boosted Trees,Gains,16.7228959606091,25.0
Gradient Boosted Trees,Gains,17.0602717242637,25.287356321839084
Gradient Boosted Trees,Gains,17.3976474879183,25.57471264367816
Gradient Boosted Trees,Gains,17.725904987690345,26.14942528735632
Gradient Boosted Trees,Gains,18.063280751344944,26.14942528735632
Gradient Boosted Trees,Gains,18.400656514999543,26.14942528735632
Gradient Boosted Trees,Gains,18.72891401477159,26.72413793103448
Gradient Boosted Trees,Gains,19.06628977842619,27.298850574712645
Gradient Boosted Trees,Gains,19.403665542080788,27.586206896551722
Gradient Boosted Trees,Gains,19.73192304185283,27.586206896551722
Gradient Boosted Trees,Gains,20.069298805507433,27.873563218390807
Gradient Boosted Trees,Gains,20.406674569162032,28.160919540229884
Gradient Boosted Trees,Gains,20.734932068934075,28.735632183908045
Gradient Boosted Trees,Gains,21.072307832588674,29.310344827586203
Gradient Boosted Trees,Gains,21.409683596243276,29.310344827586203
Gradient Boosted Trees,Gains,21.737941096015316,29.310344827586203
Gradient Boosted Trees,Gains,22.07531685966992,29.597701149425287
Gradient Boosted Trees,Gains,22.412692623324517,29.597701149425287
Gradient Boosted Trees,Gains,22.740950123096564,29.88505747126437
Gradient Boosted Trees,Gains,23.078325886751163,29.88505747126437
Gradient Boosted Trees,Gains,23.41570165040576,30.17241379310345
Gradient Boosted Trees,Gains,23.74395915017781,30.45977011494253
Gradient Boosted Trees,Gains,24.081334913832407,30.747126436781606
Gradient Boosted Trees,Gains,24.418710677487006,31.03448275862069
Gradient Boosted Trees,Gains,24.74696817725905,31.321839080459768
Gradient Boosted Trees,Gains,25.08434394091365,31.896551724137932
Gradient Boosted Trees,Gains,25.42171970456825,31.896551724137932
Gradient Boosted Trees,Gains,25.75909546822285,32.18390804597701
Gradient Boosted Trees,Gains,26.087352967994892,32.758620689655174
Gradient Boosted Trees,Gains,26.424728731649495,33.04597701149425
Gradient Boosted Trees,Gains,26.762104495304094,33.33333333333333
Gradient Boosted Trees,Gains,27.09036199507614,33.62068965517241
Gradient Boosted Trees,Gains,27.427737758730736,33.62068965517241
Gradient Boosted Trees,Gains,27.765113522385338,34.48275862068966
Gradient Boosted Trees,Gains,28.09337102215738,34.48275862068966
Gradient Boosted Trees,Gains,28.430746785811984,34.770114942528735
Gradient Boosted Trees,Gains,28.76812254946658,35.63218390804598
Gradient Boosted Trees,Gains,29.096380049238626,36.206896551724135
Gradient Boosted Trees,Gains,29.433755812893224,37.35632183908046
Gradient Boosted Trees,Gains,29.771131576547827,37.35632183908046
Gradient Boosted Trees,Gains,30.09938907631987,38.2183908045977
Gradient Boosted Trees,Gains,30.43676483997447,38.2183908045977
Gradient Boosted Trees,Gains,30.774140603629068,38.2183908045977
Gradient Boosted Trees,Gains,31.102398103401114,38.2183908045977
Gradient Boosted Trees,Gains,31.439773867055713,39.08045977011494
Gradient Boosted Trees,Gains,31.777149630710312,39.08045977011494
Gradient Boosted Trees,Gains,32.105407130482355,39.08045977011494
Gradient Boosted Trees,Gains,32.442782894136954,39.36781609195402
Gradient Boosted Trees,Gains,32.78015865779156,39.94252873563218
Gradient Boosted Trees,Gains,33.108416157563596,40.51724137931034
Gradient Boosted Trees,Gains,33.4457919212182,40.51724137931034
Gradient Boosted Trees,Gains,33.7831676848728,40.804597701149426
Gradient Boosted Trees,Gains,34.111425184644844,41.37931034482759
Gradient Boosted Trees,Gains,34.44880094829944,41.66666666666667
Gradient Boosted Trees,Gains,34.78617671195404,42.241379310344826
Gradient Boosted Trees,Gains,35.114434211726085,42.241379310344826
Gradient Boosted Trees,Gains,35.45180997538069,42.5287356321839
Gradient Boosted Trees,Gains,35.78918573903529,42.81609195402299
Gradient Boosted Trees,Gains,36.117443238807326,42.81609195402299
Gradient Boosted Trees,Gains,36.45481900246193,43.103448275862064
Gradient Boosted Trees,Gains,36.79219476611653,43.39080459770115
Gradient Boosted Trees,Gains,37.120452265888574,43.39080459770115
Gradient Boosted Trees,Gains,37.45782802954318,43.67816091954023
Gradient Boosted Trees,Gains,37.79520379319777,43.96551724137931
Gradient Boosted Trees,Gains,38.13257955685238,44.54022988505747
Gradient Boosted Trees,Gains,38.46083705662442,44.54022988505747
Gradient Boosted Trees,Gains,38.79821282027902,45.11494252873563
Gradient Boosted Trees,Gains,39.13558858393362,45.689655172413794
Gradient Boosted Trees,Gains,39.46384608370566,45.689655172413794
Gradient Boosted Trees,Gains,39.80122184736026,45.97701149425287
Gradient Boosted Trees,Gains,40.138597611014866,46.264367816091955
Gradient Boosted Trees,Gains,40.4668551107869,46.264367816091955
Gradient Boosted Trees,Gains,40.80423087444151,46.839080459770116
Gradient Boosted Trees,Gains,41.14160663809611,47.12643678160919
Gradient Boosted Trees,Gains,41.46986413786815,47.98850574712644
Gradient Boosted Trees,Gains,41.80723990152275,47.98850574712644
Gradient Boosted Trees,Gains,42.14461566517735,47.98850574712644
Gradient Boosted Trees,Gains,42.47287316494939,48.275862068965516
Gradient Boosted Trees,Gains,42.810248928604,48.85057471264368
Gradient Boosted Trees,Gains,43.147624692258596,48.85057471264368
Gradient Boosted Trees,Gains,43.47588219203063,48.85057471264368
Gradient Boosted Trees,Gains,43.81325795568524,49.137931034482754
Gradient Boosted Trees,Gains,44.15063371933984,49.42528735632184
Gradient Boosted Trees,Gains,44.47889121911188,49.42528735632184
Gradient Boosted Trees,Gains,44.816266982766486,49.42528735632184
Gradient Boosted Trees,Gains,45.15364274642108,49.712643678160916
Gradient Boosted Trees,Gains,45.48190024619313,50.0
Gradient Boosted Trees,Gains,45.81927600984773,50.86206896551724
Gradient Boosted Trees,Gains,46.156651773502325,50.86206896551724
Gradient Boosted Trees,Gains,46.48490927327437,51.43678160919541
Gradient Boosted Trees,Gains,46.82228503692897,52.01149425287356
Gradient Boosted Trees,Gains,47.159660800583566,52.29885057471264
Gradient Boosted Trees,Gains,47.48791830035562,52.58620689655172
Gradient Boosted Trees,Gains,47.82529406401021,52.87356321839081
Gradient Boosted Trees,Gains,48.162669827664814,52.87356321839081
Gradient Boosted Trees,Gains,48.49092732743686,52.87356321839081
Gradient Boosted Trees,Gains,48.828303091091456,53.44827586206896
Gradient Boosted Trees,Gains,49.16567885474606,53.735632183908045
Gradient Boosted Trees,Gains,49.4939363545181,54.310344827586206
Gradient Boosted Trees,Gains,49.8313121181727,54.59770114942529
Gradient Boosted Trees,Gains,50.1686878818273,54.88505747126437
Gradient Boosted Trees,Gains,50.5060636454819,55.172413793103445
Gradient Boosted Trees,Gains,50.834321145253945,55.45977011494253
Gradient Boosted Trees,Gains,51.17169690890855,55.45977011494253
Gradient Boosted Trees,Gains,51.509072672563136,55.45977011494253
Gradient Boosted Trees,Gains,51.837330172335186,56.03448275862068
Gradient Boosted Trees,Gains,52.174705935989785,56.896551724137936
Gradient Boosted Trees,Gains,52.51208169964438,57.18390804597702
Gradient Boosted Trees,Gains,52.840339199416434,58.04597701149425
Gradient Boosted Trees,Gains,53.17771496307103,58.620689655172406
Gradient Boosted Trees,Gains,53.51509072672563,59.195402298850574
Gradient Boosted Trees,Gains,53.84334822649768,60.3448275862069
Gradient Boosted Trees,Gains,54.18072399015228,60.91954022988506
Gradient Boosted Trees,Gains,54.51809975380687,61.49425287356321
Gradient Boosted Trees,Gains,54.846357253578915,61.7816091954023
Gradient Boosted Trees,Gains,55.183733017233514,61.7816091954023
Gradient Boosted Trees,Gains,55.52110878088812,63.2183908045977
Gradient Boosted Trees,Gains,55.84936628066016,63.793103448275865
Gradient Boosted Trees,Gains,56.18674204431476,64.36781609195403
Gradient Boosted Trees,Gains,56.52411780796937,64.36781609195403
Gradient Boosted Trees,Gains,56.85237530774141,64.36781609195403
Gradient Boosted Trees,Gains,57.18975107139601,64.36781609195403
Gradient Boosted Trees,Gains,57.5271268350506,64.36781609195403
Gradient Boosted Trees,Gains,57.855384334822645,64.65517241379311
Gradient Boosted Trees,Gains,58.19276009847725,64.9425287356322
Gradient Boosted Trees,Gains,58.53013586213185,65.22988505747126
Gradient Boosted Trees,Gains,58.85839336190389,65.51724137931035
Gradient Boosted Trees,Gains,59.19576912555849,65.80459770114942
Gradient Boosted Trees,Gains,59.5331448892131,65.80459770114942
Gradient Boosted Trees,Gains,59.86140238898514,66.37931034482759
Gradient Boosted Trees,Gains,60.19877815263974,66.66666666666666
Gradient Boosted Trees,Gains,60.53615391629433,66.95402298850574
Gradient Boosted Trees,Gains,60.864411416066375,66.95402298850574
Gradient Boosted Trees,Gains,61.20178717972098,66.95402298850574
Gradient Boosted Trees,Gains,61.53916294337558,66.95402298850574
Gradient Boosted Trees,Gains,61.86742044314762,67.52873563218391
Gradient Boosted Trees,Gains,62.20479620680223,67.81609195402298
Gradient Boosted Trees,Gains,62.54217197045683,68.10344827586206
Gradient Boosted Trees,Gains,62.879547734111426,68.10344827586206
Gradient Boosted Trees,Gains,63.20780523388348,68.10344827586206
Gradient Boosted Trees,Gains,63.54518099753806,68.67816091954023
Gradient Boosted Trees,Gains,63.88255676119267,69.25287356321839
Gradient Boosted Trees,Gains,64.21081426096471,69.82758620689656
Gradient Boosted Trees,Gains,64.54819002461932,70.40229885057471
Gradient Boosted Trees,Gains,64.88556578827391,70.6896551724138
Gradient Boosted Trees,Gains,65.21382328804596,70.97701149425288
Gradient Boosted Trees,Gains,65.55119905170056,71.26436781609196
Gradient Boosted Trees,Gains,65.88857481535516,71.26436781609196
Gradient Boosted Trees,Gains,66.21683231512719,71.83908045977012
Gradient Boosted Trees,Gains,66.5542080787818,72.12643678160919
Gradient Boosted Trees,Gains,66.8915838424364,72.12643678160919
Gradient Boosted Trees,Gains,67.21984134220844,72.12643678160919
Gradient Boosted Trees,Gains,67.55721710586305,72.41379310344827
Gradient Boosted Trees,Gains,67.89459286951765,72.70114942528735
Gradient Boosted Trees,Gains,68.22285036928969,72.70114942528735
Gradient Boosted Trees,Gains,68.5602261329443,72.70114942528735
Gradient Boosted Trees,Gains,68.89760189659889,73.27586206896551
Gradient Boosted Trees,Gains,69.22585939637092,73.27586206896551
Gradient Boosted Trees,Gains,69.56323516002553,73.5632183908046
Gradient Boosted Trees,Gains,69.90061092368013,73.85057471264368
Gradient Boosted Trees,Gains,70.22886842345217,73.85057471264368
Gradient Boosted Trees,Gains,70.56624418710678,74.42528735632183
Gradient Boosted Trees,Gains,70.90361995076138,75.28735632183908
Gradient Boosted Trees,Gains,71.23187745053342,75.57471264367817
Gradient Boosted Trees,Gains,71.56925321418802,75.57471264367817
Gradient Boosted Trees,Gains,71.90662897784263,75.57471264367817
Gradient Boosted Trees,Gains,72.23488647761465,75.86206896551724
Gradient Boosted Trees,Gains,72.57226224126926,75.86206896551724
Gradient Boosted Trees,Gains,72.90963800492386,75.86206896551724
Gradient Boosted Trees,Gains,73.2378955046959,75.86206896551724
Gradient Boosted Trees,Gains,73.5752712683505,75.86206896551724
Gradient Boosted Trees,Gains,73.91264703200511,75.86206896551724
Gradient Boosted Trees,Gains,74.24090453177715,75.86206896551724
Gradient Boosted Trees,Gains,74.57828029543175,76.14942528735632
Gradient Boosted Trees,Gains,74.91565605908636,76.14942528735632
Gradient Boosted Trees,Gains,75.25303182274095,76.4367816091954
Gradient Boosted Trees,Gains,75.58128932251299,76.72413793103449
Gradient Boosted Trees,Gains,75.9186650861676,76.72413793103449
Gradient Boosted Trees,Gains,76.2560408498222,77.01149425287356
Gradient Boosted Trees,Gains,76.58429834959423,77.01149425287356
Gradient Boosted Trees,Gains,76.92167411324884,77.58620689655173
Gradient Boosted Trees,Gains,77.25904987690345,78.16091954022988
Gradient Boosted Trees,Gains,77.58730737667548,78.16091954022988
Gradient Boosted Trees,Gains,77.92468314033009,78.16091954022988
Gradient Boosted Trees,Gains,78.26205890398468,78.44827586206897
Gradient Boosted Trees,Gains,78.59031640375672,78.44827586206897
Gradient Boosted Trees,Gains,78.92769216741132,78.44827586206897
Gradient Boosted Trees,Gains,79.26506793106593,78.44827586206897
Gradient Boosted Trees,Gains,79.59332543083796,79.02298850574712
Gradient Boosted Trees,Gains,79.93070119449257,80.45977011494253
Gradient Boosted Trees,Gains,80.26807695814718,80.74712643678161
Gradient Boosted Trees,Gains,80.59633445791921,81.60919540229885
Gradient Boosted Trees,Gains,80.9337102215738,82.18390804597702
Gradient Boosted Trees,Gains,81.27108598522841,82.47126436781609
Gradient Boosted Trees,Gains,81.59934348500045,83.33333333333334
Gradient Boosted Trees,Gains,81.93671924865505,83.62068965517241
Gradient Boosted Trees,Gains,82.27409501230966,83.62068965517241
Gradient Boosted Trees,Gains,82.6023525120817,84.48275862068965
Gradient Boosted Trees,Gains,82.9397282757363,84.77011494252874
Gradient Boosted Trees,Gains,83.2771040393909,85.0574712643678
Gradient Boosted Trees,Gains,83.60536153916294,85.0574712643678
Gradient Boosted Trees,Gains,83.94273730281753,85.0574712643678
Gradient Boosted Trees,Gains,84.28011306647214,85.0574712643678
Gradient Boosted Trees,Gains,84.60837056624419,85.34482758620689
Gradient Boosted Trees,Gains,84.94574632989878,86.20689655172413
Gradient Boosted Trees,Gains,85.28312209355339,86.20689655172413
Gradient Boosted Trees,Gains,85.61137959332544,86.49425287356321
Gradient Boosted Trees,Gains,85.94875535698003,86.7816091954023
Gradient Boosted Trees,Gains,86.28613112063464,86.7816091954023
Gradient Boosted Trees,Gains,86.61438862040669,86.7816091954023
Gradient Boosted Trees,Gains,86.95176438406126,87.35632183908046
Gradient Boosted Trees,Gains,87.28914014771587,87.64367816091954
Gradient Boosted Trees,Gains,87.62651591137048,88.50574712643679
Gradient Boosted Trees,Gains,87.95477341114251,88.79310344827587
Gradient Boosted Trees,Gains,88.29214917479712,89.08045977011494
Gradient Boosted Trees,Gains,88.62952493845172,89.9425287356322
Gradient Boosted Trees,Gains,88.95778243822376,89.9425287356322
Gradient Boosted Trees,Gains,89.29515820187837,90.51724137931035
Gradient Boosted Trees,Gains,89.63253396553297,91.0919540229885
Gradient Boosted Trees,Gains,89.96079146530501,91.66666666666666
Gradient Boosted Trees,Gains,90.2981672289596,91.95402298850574
Gradient Boosted Trees,Gains,90.6355429926142,92.24137931034483
Gradient Boosted Trees,Gains,90.96380049238626,92.52873563218391
Gradient Boosted Trees,Gains,91.30117625604085,92.81609195402298
Gradient Boosted Trees,Gains,91.63855201969545,93.39080459770115
Gradient Boosted Trees,Gains,91.96680951946749,93.67816091954023
Gradient Boosted Trees,Gains,92.3041852831221,93.67816091954023
Gradient Boosted Trees,Gains,92.6415610467767,93.96551724137932
Gradient Boosted Trees,Gains,92.96981854654874,94.54022988505747
Gradient Boosted Trees,Gains,93.30719431020333,95.11494252873564
Gradient Boosted Trees,Gains,93.64457007385793,95.97701149425288
Gradient Boosted Trees,Gains,93.97282757362998,95.97701149425288
Gradient Boosted Trees,Gains,94.31020333728458,96.55172413793103
Gradient Boosted Trees,Gains,94.64757910093918,97.12643678160919
Gradient Boosted Trees,Gains,94.97583660071123,97.70114942528735
Gradient Boosted Trees,Gains,95.31321236436582,98.27586206896551
Gradient Boosted Trees,Gains,95.65058812802042,98.5632183908046
Gradient Boosted Trees,Gains,95.97884562779247,98.5632183908046
Gradient Boosted Trees,Gains,96.31622139144707,98.5632183908046
Gradient Boosted Trees,Gains,96.65359715510166,98.5632183908046
Gradient Boosted Trees,Gains,96.98185465487371,99.13793103448276
Gradient Boosted Trees,Gains,97.3192304185283,99.13793103448276
Gradient Boosted Trees,Gains,97.65660618218291,99.13793103448276
Gradient Boosted Trees,Gains,97.98486368195496,99.13793103448276
Gradient Boosted Trees,Gains,98.32223944560955,99.42528735632183
Gradient Boosted Trees,Gains,98.65961520926415,100.0
Gradient Boosted Trees,Gains,98.9878727090362,100.0
Gradient Boosted Trees,Gains,99.3252484726908,100.0
Gradient Boosted Trees,Gains,99.6626242363454,100.0
Gradient Boosted Trees,Gains,100.0,100.0
